500 0 1 0
10 Techsoft3D 12 ACIS 5.0 Unk 25 Wed Apr 16 20:18:56 2025_ 1000 9.999999999999999547e-07 1.000000000000000036e-10
-0 body $1 $2 $-1 $-1 #
-1 rgb_color-st-attrib $-1 $3 $-1 $0 0.7921568751335144043 0.819607853889465332 0.9333333373069763184 #
-2 lump $-1 $-1 $4 $0 #
-3 string_attrib-name_attrib-gen-attrib $-1 $5 $1 $0 keep keep_kept ignore 17 ATTRIB_XACIS_NAME 7 Escala2 #
-4 shell $-1 $-1 $-1 $6 $-1 $2 #
-5 string_attrib-name_attrib-gen-attrib $-1 $-1 $3 $0 keep keep_kept ignore 23 ATTRIB_XSTEP_PRODUCT_ID 4 root #
-6 face $7 $8 $9 $4 $-1 $10 reversed single #
-7 string_attrib-name_attrib-gen-attrib $-1 $-1 $-1 $6 keep keep_kept ignore 17 ATTRIB_XACIS_NAME 4 NONE #
-8 face $11 $12 $13 $4 $-1 $14 reversed single #
-9 loop $-1 $-1 $15 $6 #
-10 cone-surface $-1 -0.09794843867263630655 0.004899999999999999842 1 0 0 -1 -0.0004999999999999609791 0 0 1 F -3.141592653589793116 F 3.141592653589793116 0 1 1 forward I I I I #
-11 string_attrib-name_attrib-gen-attrib $-1 $-1 $-1 $8 keep keep_kept ignore 17 ATTRIB_XACIS_NAME 4 NONE #
-12 face $16 $17 $18 $4 $-1 $19 reversed single #
-13 loop $-1 $-1 $20 $8 #
-14 cone-surface $-1 -0.1046162056256227935 5.999521251956589551e-17 1 0 0 -1 -0.001249999999999830023 0 0 1 F -3.141592653589793116 F 3.141592653589793116 0 1 1 forward I I I I #
-15 coedge $-1 $21 $22 $23 $24 reversed $9 $-1 #
-16 string_attrib-name_attrib-gen-attrib $-1 $-1 $-1 $12 keep keep_kept ignore 17 ATTRIB_XACIS_NAME 4 NONE #
-17 face $25 $26 $27 $4 $-1 $28 forward single #
-18 loop $-1 $-1 $29 $12 #
-19 cone-surface $-1 -0.09794843867263640369 -0.004899999999999999842 1 0 0 -1 -0.0005000000000000379575 0 0 1 F -3.141592653589793116 F 3.141592653589793116 0 1 1 forward I I I I #
-20 coedge $-1 $30 $31 $32 $33 reversed $13 $-1 #
-21 coedge $-1 $34 $15 $35 $36 forward $9 $-1 #
-22 coedge $-1 $15 $34 $37 $38 reversed $9 $-1 #
-23 coedge $-1 $39 $40 $15 $24 forward $41 $-1 #
-24 edge $-1 $42 3.14159265358979356 $43 3.926990817005945544 $15 $44 forward 7 unknown #
-25 string_attrib-name_attrib-gen-attrib $-1 $-1 $-1 $17 keep keep_kept ignore 17 ATTRIB_XACIS_NAME 4 NONE #
-26 face $45 $46 $47 $4 $-1 $48 reversed single #
-27 loop $-1 $-1 $49 $17 #
-28 cone-surface $-1 -0.1007162056256228067 -0.00700000000000015974 1 0 0 -1 -0.0005000000000000239713 0 0 1 F -3.141592653589793116 F 3.141592653589793116 0 1 1 forward I I I I #
-29 coedge $-1 $50 $51 $52 $53 reversed $18 $-1 #
-30 coedge $-1 $54 $20 $55 $56 forward $13 $-1 #
-31 coedge $-1 $20 $54 $57 $58 reversed $13 $-1 #
-32 coedge $-1 $59 $60 $20 $33 forward $41 $-1 #
-33 edge $-1 $61 3.141592653589793116 $62 5.564808888847019297 $20 $63 forward 7 unknown #
-34 coedge $-1 $22 $21 $64 $65 forward $9 $-1 #
-35 coedge $-1 $66 $67 $21 $36 reversed $68 $-1 #
-36 edge $-1 $42 0.8499999999999999778 $69 1 $21 $70 forward 7 unknown #
-37 coedge $-1 $71 $72 $22 $38 forward $73 $-1 #
-38 edge $-1 $43 -1 $74 -0.8499999999999999778 $22 $75 forward 7 unknown #
-39 coedge $-1 $76 $23 $72 $77 forward $41 $-1 #
-40 coedge $-1 $23 $78 $66 $79 forward $41 $-1 #
-41 loop $-1 $-1 $80 $81 #
-42 vertex $-1 $24 $82 #
-43 vertex $-1 $24 $83 #
-44 ellipse-curve $-1 -0.09794843867263630655 0.004899999999999999842 0.1499999999999999944 -0 0 -1 0.0004999999999999609791 0 -0 1 F 3.14159265358979356 F 3.926990817005945544 #
-45 string_attrib-name_attrib-gen-attrib $-1 $-1 $-1 $26 keep keep_kept ignore 17 ATTRIB_XACIS_NAME 4 NONE #
-46 face $84 $85 $86 $4 $-1 $87 reversed single #
-47 loop $-1 $-1 $88 $26 #
-48 plane-surface $-1 -0.1002162056256228062 -0.007000000000000150199 1 -1 0 0 0 0 1 forward_v F -1 F -0.8499999999999999778 F 0 F 0.0003322330470133590011 #
-49 coedge $-1 $89 $90 $91 $92 forward $27 $-1 #
-50 coedge $-1 $93 $29 $94 $95 forward $18 $-1 #
-51 coedge $-1 $29 $93 $96 $97 reversed $18 $-1 #
-52 coedge $-1 $98 $99 $29 $53 forward $41 $-1 #
-53 edge $-1 $100 3.141592653589793116 $101 4.712388980411890138 $29 $102 forward 7 unknown #
-54 coedge $-1 $31 $30 $103 $104 forward $13 $-1 #
-55 coedge $-1 $105 $106 $30 $56 reversed $107 $-1 #
-56 edge $-1 $61 0.8499999999999999778 $108 1 $30 $109 forward 7 unknown #
-57 coedge $-1 $110 $111 $31 $58 forward $112 $-1 #
-58 edge $-1 $62 0.8499999999999999778 $113 1 $31 $114 forward 7 unknown #
-59 coedge $-1 $115 $32 $111 $116 forward $41 $-1 #
-60 coedge $-1 $32 $117 $105 $118 forward $41 $-1 #
-61 vertex $-1 $33 $119 #
-62 vertex $-1 $33 $120 #
-63 ellipse-curve $-1 -0.1046162056256227935 5.999521251956589551e-17 0.1499999999999999944 -0 0 -1 0.001249999999999830023 0 -0 1 F 3.141592653589793116 F 5.564808888847019297 #
-64 coedge $-1 $121 $122 $34 $65 reversed $123 $-1 #
-65 edge $-1 $69 0 $74 0.7853981634162400249 $34 $124 forward 7 unknown #
-66 coedge $-1 $125 $35 $40 $79 reversed $68 $-1 #
-67 coedge $-1 $35 $125 $121 $126 forward $68 $-1 #
-68 loop $-1 $-1 $35 $127 #
-69 vertex $-1 $36 $128 #
-70 straight-curve $-1 -0.09844843867263626536 0.004899999999999999842 1 0 0 -1 F 0.8499999999999999778 F 1 #
-71 coedge $-1 $129 $37 $122 $130 forward $73 $-1 #
-72 coedge $-1 $37 $129 $39 $77 reversed $73 $-1 #
-73 loop $-1 $-1 $71 $131 #
-74 vertex $-1 $65 $132 #
-75 straight-curve $-1 -0.09830199206322300098 0.005253553390599919812 -0.8500000000000000888 -0 -0 -1 F -1 F -0.8499999999999999778 #
-76 coedge $-1 $133 $39 $134 $135 forward $41 $-1 #
-77 edge $-1 $43 0 $136 0.001469848480955050036 $72 $137 forward 7 unknown #
-78 coedge $-1 $40 $138 $139 $140 forward $41 $-1 #
-79 edge $-1 $141 1.570796326794896558 $42 3.141592653589793116 $66 $142 forward 7 unknown #
-80 coedge $-1 $143 $144 $145 $146 forward $41 $-1 #
-81 face $147 $148 $41 $4 $-1 $149 forward single #
-82 point $-1 -0.09844843867263626536 0.004900000000000000709 0.1500000000000000222 #
-83 point $-1 -0.09830199206322295935 0.005253553390599889454 0.1499999999999999667 #
-84 string_attrib-name_attrib-gen-attrib $-1 $-1 $-1 $46 keep keep_kept ignore 17 ATTRIB_XACIS_NAME 4 NONE #
-85 face $150 $151 $152 $4 $-1 $153 reversed single #
-86 loop $-1 $-1 $154 $46 #
-87 cone-surface $-1 -0.09971620562562280576 -0.006667766952986789626 1 0 0 -1 -0.0004999999999999839642 0 0 1 F -3.141592653589793116 F 3.141592653589793116 0 1 1 forward I I I I #
-88 coedge $-1 $155 $156 $157 $158 forward $47 $-1 #
-89 coedge $-1 $145 $49 $156 $159 reversed $27 $-1 #
-90 coedge $-1 $49 $145 $160 $161 forward $27 $-1 #
-91 coedge $-1 $162 $157 $49 $92 reversed $123 $-1 #
-92 edge $-1 $163 1.570796326794965836 $164 3.141592653589811324 $49 $165 forward 7 unknown #
-93 coedge $-1 $51 $50 $166 $167 forward $18 $-1 #
-94 coedge $-1 $168 $169 $50 $95 reversed $170 $-1 #
-95 edge $-1 $100 0.8499999999999999778 $171 1 $50 $172 forward 7 unknown #
-96 coedge $-1 $173 $174 $51 $97 forward $175 $-1 #
-97 edge $-1 $101 -1 $176 -0.8499999999999999778 $51 $177 forward 7 unknown #
-98 coedge $-1 $178 $52 $174 $179 forward $41 $-1 #
-99 coedge $-1 $52 $180 $168 $181 forward $41 $-1 #
-100 vertex $-1 $53 $182 #
-101 vertex $-1 $53 $183 #
-102 ellipse-curve $-1 -0.09794843867263640369 -0.004899999999999999842 0.1499999999999999944 -0 0 -1 0.0005000000000000379575 0 -0 1 F 3.141592653589793116 F 4.712388980411890138 #
-103 coedge $-1 $184 $185 $54 $104 reversed $123 $-1 #
-104 edge $-1 $108 0 $113 2.423216235257144913 $54 $186 forward 7 unknown #
-105 coedge $-1 $187 $55 $60 $118 reversed $107 $-1 #
-106 coedge $-1 $55 $187 $184 $188 forward $107 $-1 #
-107 loop $-1 $-1 $55 $189 #
-108 vertex $-1 $56 $190 #
-109 straight-curve $-1 -0.105866205625622628 5.999521251956589551e-17 1 0 0 -1 F 0.8499999999999999778 F 1 #
-110 coedge $-1 $191 $57 $185 $192 forward $112 $-1 #
-111 coedge $-1 $57 $191 $59 $116 reversed $112 $-1 #
-112 loop $-1 $-1 $110 $193 #
-113 vertex $-1 $104 $194 #
-114 straight-curve $-1 -0.1036751114973111509 0.000822703981792370859 1 0 0 -1 F 0.8499999999999999778 F 1 #
-115 coedge $-1 $195 $59 $196 $197 forward $41 $-1 #
-116 edge $-1 $62 3.859969071922504824 $198 5.235987755983010139 $111 $199 forward 7 unknown #
-117 coedge $-1 $60 $200 $201 $202 forward $41 $-1 #
-118 edge $-1 $203 0.7183764183325678232 $61 3.141592653589794004 $105 $204 forward 7 unknown #
-119 point $-1 -0.105866205625622628 6.213911814386920379e-17 0.1500000000000000222 #
-120 point $-1 -0.1036751114973111232 0.0008227039817923326951 0.1500000000000000222 #
-121 coedge $-1 $205 $64 $67 $126 reversed $123 $-1 #
-122 coedge $-1 $64 $206 $71 $130 reversed $123 $-1 #
-123 loop $-1 $-1 $91 $148 #
-124 ellipse-curve $-1 -0.09794843867263630655 0.004899999999999999842 0 0 0 -1 -0.0004999999999999609791 0 0 1 F 0 F 0.7853981634162400249 #
-125 coedge $-1 $67 $66 $207 $208 forward $68 $-1 #
-126 edge $-1 $209 4.712388980384689674 $69 6.283185307179589785 $67 $210 forward 7 unknown #
-127 face $211 $131 $68 $4 $-1 $212 reversed single #
-128 point $-1 -0.09844843867263627923 0.004900000000000020658 0 #
-129 coedge $-1 $72 $71 $213 $214 reversed $73 $-1 #
-130 edge $-1 $74 -0.001469848480955035942 $215 0 $71 $216 forward 7 unknown #
-131 face $217 $218 $73 $4 $-1 $219 reversed single #
-132 point $-1 -0.09830199206322295935 0.005253553390599914608 0 #
-133 coedge $-1 $220 $76 $221 $222 forward $41 $-1 #
-134 coedge $-1 $213 $223 $76 $135 reversed $224 $-1 #
-135 edge $-1 $136 5.497787143800180409 $225 6.283185307179589785 $134 $226 forward 7 unknown #
-136 vertex $-1 $214 $227 #
-137 straight-curve $-1 -0.09830199206322300098 0.005253553390599919812 0.1499999999999999944 0.7071067811865475727 0.7071067811865475727 0 F 0 F 0.001469848480955050036 #
-138 coedge $-1 $78 $228 $229 $230 forward $41 $-1 #
-139 coedge $-1 $231 $207 $78 $140 reversed $232 $-1 #
-140 edge $-1 $233 0 $141 0.0003322330470135749741 $139 $234 forward 7 unknown #
-141 vertex $-1 $208 $235 #
-142 ellipse-curve $-1 -0.09794843867263630655 0.004899999999999999842 0.1499999999999999944 -0 0 -1 0.0004999999999999609791 0 -0 1 F 1.570796326794896558 F 3.141592653589793116 #
-143 coedge $-1 $236 $80 $237 $238 forward $41 $-1 #
-144 coedge $-1 $80 $239 $240 $241 forward $41 $-1 #
-145 coedge $-1 $90 $89 $80 $146 reversed $27 $-1 #
-146 edge $-1 $242 4.71238898038476961 $243 6.283185307179619983 $145 $244 forward 7 unknown #
-147 string_attrib-name_attrib-gen-attrib $-1 $-1 $-1 $81 keep keep_kept ignore 17 ATTRIB_XACIS_NAME 4 NONE #
-148 face $245 $-1 $123 $4 $-1 $246 reversed single #
-149 plane-surface $-1 -0.1007162056256228067 -0.00700000000000015974 0.1499999999999999944 0 0 1 1 0 -0 forward_v F -0.01140000000000042368 F 0.003600000000000311284 F -0.0005000000000000299344 F 0.01450000000000066513 #
-150 string_attrib-name_attrib-gen-attrib $-1 $-1 $-1 $85 keep keep_kept ignore 17 ATTRIB_XACIS_NAME 4 NONE #
-151 face $247 $248 $249 $4 $-1 $250 forward single #
-152 loop $-1 $-1 $251 $85 #
-153 plane-surface $-1 -0.09936265223502309396 -0.006314213562399990237 1 0.7071067811865475727 0.7071067811865475727 0 -0.7071067811865475727 0.7071067811865475727 0 forward_v F -0.001469848480955173852 F 7.359808400080196479e-18 F -1 F -0.8499999999999999778 #
-154 coedge $-1 $252 $253 $254 $255 forward $86 $-1 #
-155 coedge $-1 $237 $88 $253 $256 reversed $47 $-1 #
-156 coedge $-1 $88 $237 $89 $159 forward $47 $-1 #
-157 coedge $-1 $91 $254 $88 $158 reversed $123 $-1 #
-158 edge $-1 $164 0 $257 0.0003322330470133590011 $88 $258 forward 7 unknown #
-159 edge $-1 $243 -1 $164 -0.8499999999999999778 $89 $259 forward 7 unknown #
-160 coedge $-1 $240 $260 $90 $161 reversed $261 $-1 #
-161 edge $-1 $242 -1 $163 -0.8499999999999999778 $90 $262 forward 7 unknown #
-162 coedge $-1 $263 $91 $260 $264 reversed $123 $-1 #
-163 vertex $-1 $92 $265 #
-164 vertex $-1 $92 $266 #
-165 ellipse-curve $-1 -0.1007162056256228067 -0.00700000000000015974 0 0 0 1 -0.0005000000000000239713 0 0 1 F 1.570796326794965836 F 3.141592653589811324 #
-166 coedge $-1 $267 $268 $93 $167 reversed $123 $-1 #
-167 edge $-1 $171 0 $176 1.570796326822099909 $93 $269 forward 7 unknown #
-168 coedge $-1 $270 $94 $99 $181 reversed $170 $-1 #
-169 coedge $-1 $94 $270 $267 $271 forward $170 $-1 #
-170 loop $-1 $-1 $94 $272 #
-171 vertex $-1 $95 $273 #
-172 straight-curve $-1 -0.09844843867263644577 -0.004899999999999999842 1 0 0 -1 F 0.8499999999999999778 F 1 #
-173 coedge $-1 $274 $96 $268 $275 forward $175 $-1 #
-174 coedge $-1 $96 $274 $98 $179 reversed $175 $-1 #
-175 loop $-1 $-1 $173 $276 #
-176 vertex $-1 $167 $277 #
-177 straight-curve $-1 -0.09794843867262280346 -0.004400000000000060113 -0.8500000000000000888 -0 0 -1 F -1 F -0.8499999999999999778 #
-178 coedge $-1 $278 $98 $279 $280 forward $41 $-1 #
-179 edge $-1 $101 0 $281 0.0003322330470000715071 $174 $282 forward 7 unknown #
-180 coedge $-1 $99 $283 $284 $285 forward $41 $-1 #
-181 edge $-1 $286 2.356194490192331514 $100 3.141592653589793116 $168 $287 forward 7 unknown #
-182 point $-1 -0.09844843867263644577 -0.004899999999999998974 0.1500000000000000222 #
-183 point $-1 -0.09794843867262280346 -0.004400000000000011541 0.1499999999999999667 #
-184 coedge $-1 $288 $103 $106 $188 reversed $123 $-1 #
-185 coedge $-1 $103 $289 $110 $192 reversed $123 $-1 #
-186 ellipse-curve $-1 -0.1046162056256227935 5.999521251956589551e-17 0 0 0 -1 -0.001249999999999830023 0 0 1 F 0 F 2.423216235257144913 #
-187 coedge $-1 $106 $105 $290 $291 forward $107 $-1 #
-188 edge $-1 $292 3.859969071922439987 $108 6.283185307179589785 $106 $293 forward 7 unknown #
-189 face $294 $193 $107 $4 $-1 $295 reversed single #
-190 point $-1 -0.1058662056256226003 6.206257771892250517e-17 0 #
-191 coedge $-1 $111 $110 $296 $297 reversed $112 $-1 #
-192 edge $-1 $113 0.718376418332725919 $298 2.094395102393191266 $110 $299 forward 7 unknown #
-193 face $300 $301 $112 $4 $-1 $302 forward single #
-194 point $-1 -0.1036751114973111232 0.0008227039817923693411 0 #
-195 coedge $-1 $303 $115 $304 $305 forward $41 $-1 #
-196 coedge $-1 $296 $306 $115 $197 reversed $307 $-1 #
-197 edge $-1 $198 0 $308 0.002126734948579300094 $196 $309 forward 7 unknown #
-198 vertex $-1 $297 $310 #
-199 ellipse-curve $-1 -0.103449248906516203 0.001020152937422684047 0.1499999999999999944 0 0 1 0.0003000000000001779997 0 -0 1 F 3.859969071922504824 F 5.235987755983010139 #
-200 coedge $-1 $117 $311 $312 $313 forward $41 $-1 #
-201 coedge $-1 $314 $290 $117 $202 reversed $315 $-1 #
-202 edge $-1 $316 1.047197551196634047 $203 2.423216235257140028 $201 $317 forward 7 unknown #
-203 vertex $-1 $291 $318 #
-204 ellipse-curve $-1 -0.1046162056256227935 5.999521251956589551e-17 0.1499999999999999944 -0 0 -1 0.001249999999999830023 0 -0 1 F 0.7183764183325678232 F 3.141592653589794004 #
-205 coedge $-1 $319 $121 $320 $321 reversed $123 $-1 #
-206 coedge $-1 $122 $322 $323 $324 reversed $123 $-1 #
-207 coedge $-1 $139 $320 $125 $208 reversed $232 $-1 #
-208 edge $-1 $141 0.8499999999999999778 $209 1 $207 $325 forward 7 unknown #
-209 vertex $-1 $321 $326 #
-210 ellipse-curve $-1 -0.09794843867263630655 0.004899999999999999842 0 0 0 -1 -0.0004999999999999609791 0 0 1 F 4.712388980384689674 F 6.283185307179589785 #
-211 string_attrib-name_attrib-gen-attrib $-1 $-1 $-1 $127 keep keep_kept ignore 17 ATTRIB_XACIS_NAME 4 NONE #
-212 cone-surface $-1 -0.09794843867263630655 0.004899999999999999842 1 0 0 -1 -0.0004999999999999609791 0 0 1 F -3.141592653589793116 F 3.141592653589793116 0 1 1 forward I I I I #
-213 coedge $-1 $323 $134 $129 $214 forward $224 $-1 #
-214 edge $-1 $136 -1 $215 -0.8499999999999999778 $129 $327 forward 7 unknown #
-215 vertex $-1 $130 $328 #
-216 straight-curve $-1 -0.09726265223502295054 0.006292893218799971988 0 0.7071067811865475727 0.7071067811865475727 -0 F -0.001469848480955035942 F 0 #
-217 string_attrib-name_attrib-gen-attrib $-1 $-1 $-1 $131 keep keep_kept ignore 17 ATTRIB_XACIS_NAME 4 NONE #
-218 face $329 $330 $224 $4 $-1 $331 forward single #
-219 plane-surface $-1 -0.09830199206322300098 0.005253553390599919812 1 -0.7071067811865475727 0.7071067811865475727 0 -0.7071067811865475727 -0.7071067811865475727 0 forward_v F -0.001469848480955040278 F 8.586443133426894865e-18 F -1 F -0.8499999999999999778 #
-220 coedge $-1 $332 $133 $333 $334 forward $41 $-1 #
-221 coedge $-1 $335 $336 $133 $222 reversed $337 $-1 #
-222 edge $-1 $225 0 $338 0.0006035533906132959942 $221 $339 forward 7 unknown #
-223 coedge $-1 $134 $323 $335 $340 reversed $224 $-1 #
-224 loop $-1 $-1 $323 $218 #
-225 vertex $-1 $340 $341 #
-226 ellipse-curve $-1 -0.09761620562562249581 0.006646446609386859848 0.1499999999999999944 0 0 1 0.000499999999999987 0 -0 1 F 5.497787143800180409 F 6.283185307179589785 #
-227 point $-1 -0.09726265223502289503 0.006292893218799977192 0.1500000000000000222 #
-228 coedge $-1 $138 $342 $343 $344 forward $41 $-1 #
-229 coedge $-1 $345 $346 $138 $230 reversed $347 $-1 #
-230 edge $-1 $348 0 $233 1.570796326794895004 $229 $349 forward 7 unknown #
-231 coedge $-1 $320 $139 $346 $350 forward $232 $-1 #
-232 loop $-1 $-1 $320 $351 #
-233 vertex $-1 $350 $352 #
-234 straight-curve $-1 -0.09761620562562280112 0.004400000000000074858 0.1499999999999999944 -1 0 0 F 0 F 0.0003322330470135749741 #
-235 point $-1 -0.09794843867263634818 0.004400000000000056644 0.1500000000000000222 #
-236 coedge $-1 $353 $143 $354 $355 forward $41 $-1 #
-237 coedge $-1 $156 $155 $143 $238 reversed $47 $-1 #
-238 edge $-1 $243 0 $356 0.0003322330470133590011 $237 $357 forward 7 unknown #
-239 coedge $-1 $144 $358 $359 $360 forward $41 $-1 #
-240 coedge $-1 $361 $160 $144 $241 reversed $261 $-1 #
-241 edge $-1 $362 0 $242 0.001800000000000230018 $240 $363 forward 7 unknown #
-242 vertex $-1 $146 $364 #
-243 vertex $-1 $159 $365 #
-244 ellipse-curve $-1 -0.1007162056256228067 -0.00700000000000015974 0.1499999999999999944 0 0 1 0.0005000000000000239713 0 -0 1 F 4.71238898038476961 F 6.283185307179619983 #
-245 string_attrib-name_attrib-gen-attrib $-1 $-1 $-1 $148 keep keep_kept ignore 17 ATTRIB_XACIS_NAME 4 NONE #
-246 plane-surface $-1 -0.1007162056256228067 -0.00700000000000015974 0 0 0 1 1 0 -0 forward_v F -0.01140000000002090209 F 0.003600000000015280213 F -0.0005000000000204401487 F 0.01450000000002125283 #
-247 string_attrib-name_attrib-gen-attrib $-1 $-1 $-1 $151 keep keep_kept ignore 17 ATTRIB_XACIS_NAME 4 NONE #
-248 face $366 $367 $368 $4 $-1 $369 reversed single #
-249 loop $-1 $-1 $370 $151 #
-250 cone-surface $-1 -0.09796975901623640459 -0.007000000000000000146 1 0 0 -1 -0.0005000000000001179716 0 0 1 F -3.141592653589793116 F 3.141592653589793116 0 1 1 forward I I I I #
-251 coedge $-1 $371 $372 $373 $374 forward $152 $-1 #
-252 coedge $-1 $354 $154 $372 $375 reversed $86 $-1 #
-253 coedge $-1 $154 $354 $155 $256 forward $86 $-1 #
-254 coedge $-1 $157 $373 $154 $255 reversed $123 $-1 #
-255 edge $-1 $257 0 $376 2.356194490210619996 $154 $377 forward 7 unknown #
-256 edge $-1 $356 -1 $257 -0.8499999999999999778 $155 $378 forward 7 unknown #
-257 vertex $-1 $158 $379 #
-258 straight-curve $-1 -0.1002162056256228062 -0.007000000000000150199 0 0 1 0 F 0 F 0.0003322330470133590011 #
-259 straight-curve $-1 -0.1002162056256228062 -0.007000000000000150199 -0.8500000000000000888 -0 -0 -1 F -1 F -0.8499999999999999778 #
-260 coedge $-1 $160 $361 $162 $264 forward $261 $-1 #
-261 loop $-1 $-1 $260 $380 #
-262 straight-curve $-1 -0.1007162056256228067 -0.007500000000000189675 -0.8500000000000000888 -0 0 -1 F -1 F -0.8499999999999999778 #
-263 coedge $-1 $381 $162 $382 $383 reversed $123 $-1 #
-264 edge $-1 $384 0 $163 0.001800000000000184916 $260 $385 forward 7 unknown #
-265 point $-1 -0.1007162056256227789 -0.007500000000000187073 0 #
-266 point $-1 -0.1002162056256227923 -0.007000000000000150199 0 #
-267 coedge $-1 $386 $166 $169 $271 reversed $123 $-1 #
-268 coedge $-1 $166 $387 $173 $275 reversed $123 $-1 #
-269 ellipse-curve $-1 -0.09794843867263640369 -0.004899999999999999842 0 0 0 -1 -0.0005000000000000379575 0 0 1 F 0 F 1.570796326822099909 #
-270 coedge $-1 $169 $168 $388 $389 forward $170 $-1 #
-271 edge $-1 $390 5.497787143782110419 $171 6.283185307179589785 $169 $391 forward 7 unknown #
-272 face $392 $276 $170 $4 $-1 $393 reversed single #
-273 point $-1 -0.09844843867263641801 -0.004900000000000046679 0 #
-274 coedge $-1 $174 $173 $394 $395 reversed $175 $-1 #
-275 edge $-1 $176 0 $396 0.000332233047000054973 $173 $397 forward 7 unknown #
-276 face $398 $399 $175 $4 $-1 $400 reversed single #
-277 point $-1 -0.09794843867262278958 -0.004400000000000011541 0 #
-278 coedge $-1 $401 $178 $402 $403 forward $41 $-1 #
-279 coedge $-1 $394 $404 $178 $280 reversed $405 $-1 #
-280 edge $-1 $281 4.71238898038476961 $406 6.283185307179589785 $279 $407 forward 7 unknown #
-281 vertex $-1 $395 $408 #
-282 straight-curve $-1 -0.09794843867262280346 -0.004400000000000060113 0.1499999999999999944 1 0 -0 F 0 F 0.0003322330470000715071 #
-283 coedge $-1 $180 $409 $410 $411 forward $41 $-1 #
-284 coedge $-1 $412 $388 $180 $285 reversed $413 $-1 #
-285 edge $-1 $414 0 $286 0.001469848480955424086 $284 $415 forward 7 unknown #
-286 vertex $-1 $389 $416 #
-287 ellipse-curve $-1 -0.09794843867263640369 -0.004899999999999999842 0.1499999999999999944 -0 0 -1 0.0005000000000000379575 0 -0 1 F 2.356194490192331514 F 3.141592653589793116 #
-288 coedge $-1 $417 $184 $418 $419 reversed $123 $-1 #
-289 coedge $-1 $185 $420 $421 $422 reversed $123 $-1 #
-290 coedge $-1 $201 $418 $187 $291 reversed $315 $-1 #
-291 edge $-1 $203 0.8499999999999999778 $292 1 $290 $423 forward 7 unknown #
-292 vertex $-1 $419 $424 #
-293 ellipse-curve $-1 -0.1046162056256227935 5.999521251956589551e-17 0 0 0 -1 -0.001249999999999830023 0 0 1 F 3.859969071922439987 F 6.283185307179589785 #
-294 string_attrib-name_attrib-gen-attrib $-1 $-1 $-1 $189 keep keep_kept ignore 17 ATTRIB_XACIS_NAME 4 NONE #
-295 cone-surface $-1 -0.1046162056256227935 5.999521251956589551e-17 1 0 0 -1 -0.001249999999999830023 0 0 1 F -3.141592653589793116 F 3.141592653589793116 0 1 1 forward I I I I #
-296 coedge $-1 $421 $196 $191 $297 forward $307 $-1 #
-297 edge $-1 $198 -1 $298 -0.8499999999999999778 $191 $425 forward 7 unknown #
-298 vertex $-1 $192 $426 #
-299 ellipse-curve $-1 -0.103449248906516203 0.001020152937422684047 0 0 0 1 -0.0003000000000001779997 0 0 1 F 0.718376418332725919 F 2.094395102393191266 #
-300 string_attrib-name_attrib-gen-attrib $-1 $-1 $-1 $193 keep keep_kept ignore 17 ATTRIB_XACIS_NAME 4 NONE #
-301 face $427 $428 $307 $4 $-1 $429 reversed single #
-302 cone-surface $-1 -0.103449248906516203 0.001020152937422684047 1 0 0 -1 -0.0003000000000001779997 0 0 1 F -3.141592653589793116 F 3.141592653589793116 0 1 1 forward I I I I #
-303 coedge $-1 $430 $195 $431 $432 forward $41 $-1 #
-304 coedge $-1 $433 $434 $195 $305 reversed $435 $-1 #
-305 edge $-1 $308 0 $436 0.0007026545005474660365 $304 $437 forward 7 unknown #
-306 coedge $-1 $196 $421 $433 $438 reversed $307 $-1 #
-307 loop $-1 $-1 $421 $301 #
-308 vertex $-1 $438 $439 #
-309 straight-curve $-1 -0.1032992489065159974 0.0007603453162871979826 0.1499999999999999944 0.8660254037844388186 0.499999999999999889 0 F 0 F 0.002126734948579300094 #
-310 point $-1 -0.103299248906516053 0.0007603453162871996089 0.1499999999999999667 #
-311 coedge $-1 $200 $440 $441 $442 forward $41 $-1 #
-312 coedge $-1 $443 $444 $200 $313 reversed $445 $-1 #
-313 edge $-1 $446 0 $316 0.002126734948562935146 $312 $447 forward 7 unknown #
-314 coedge $-1 $418 $201 $444 $448 forward $315 $-1 #
-315 loop $-1 $-1 $418 $449 #
-316 vertex $-1 $448 $450 #
-317 ellipse-curve $-1 -0.1034492489065159948 -0.001020152937422602081 0.1499999999999999944 0 0 1 0.0003000000000002364924 0 -0 1 F 1.047197551196634047 F 2.423216235257140028 #
-318 point $-1 -0.1036751114973110677 -0.0008227039817922195044 0.1499999999999999667 #
-319 coedge $-1 $451 $205 $452 $453 reversed $123 $-1 #
-320 coedge $-1 $207 $231 $205 $321 forward $232 $-1 #
-321 edge $-1 $454 -0.0003322330470135854909 $209 0 $320 $455 forward 7 unknown #
-322 coedge $-1 $206 $456 $457 $458 reversed $123 $-1 #
-323 coedge $-1 $223 $213 $206 $324 forward $224 $-1 #
-324 edge $-1 $215 2.356194490210396175 $459 3.14159265358979134 $323 $460 forward 7 unknown #
-325 straight-curve $-1 -0.09794843867263638981 0.004400000000000074858 1 0 0 -1 F 0.8499999999999999778 F 1 #
-326 point $-1 -0.09794843867263634818 0.004400000000000060113 0 #
-327 straight-curve $-1 -0.09726265223502295054 0.006292893218799971988 -0.8500000000000000888 -0 -0 -1 F -1 F -0.8499999999999999778 #
-328 point $-1 -0.09726265223502289503 0.006292893218799975458 0 #
-329 string_attrib-name_attrib-gen-attrib $-1 $-1 $-1 $218 keep keep_kept ignore 17 ATTRIB_XACIS_NAME 4 NONE #
-330 face $461 $462 $337 $4 $-1 $463 reversed single #
-331 cone-surface $-1 -0.09761620562562249581 0.006646446609386859848 1 0 0 -1 -0.000499999999999987 0 0 1 F -3.141592653589793116 F 3.141592653589793116 0 1 1 forward I I I I #
-332 coedge $-1 $464 $220 $465 $466 forward $41 $-1 #
-333 coedge $-1 $467 $468 $220 $334 reversed $469 $-1 #
-334 edge $-1 $338 -1.099564883588754028e-12 $470 1.570796326795564912 $333 $471 forward 7 unknown #
-335 coedge $-1 $457 $221 $223 $340 forward $337 $-1 #
-336 coedge $-1 $221 $457 $467 $472 reversed $337 $-1 #
-337 loop $-1 $-1 $457 $330 #
-338 vertex $-1 $472 $473 #
-339 straight-curve $-1 -0.09711620562562249537 0.006646446609386859848 0.1499999999999999944 0 1 0 F 0 F 0.0006035533906132959942 #
-340 edge $-1 $225 -1 $459 -0.8499999999999999778 $223 $474 forward 7 unknown #
-341 point $-1 -0.09711620562562250925 0.006646446609386858981 0.1499999999999999667 #
-342 coedge $-1 $228 $475 $476 $477 forward $41 $-1 #
-343 coedge $-1 $478 $479 $228 $344 reversed $480 $-1 #
-344 edge $-1 $481 0 $348 0.001800000000000184916 $343 $482 forward 7 unknown #
-345 coedge $-1 $452 $229 $479 $483 forward $347 $-1 #
-346 coedge $-1 $229 $452 $231 $350 reversed $347 $-1 #
-347 loop $-1 $-1 $452 $484 #
-348 vertex $-1 $483 $485 #
-349 ellipse-curve $-1 -0.09761620562562280112 0.003900000000000050128 0.1499999999999999944 0 0 1 0.0005000000000000239713 0 -0 1 F 0 F 1.570796326794895004 #
-350 edge $-1 $233 0.8499999999999999778 $454 1 $346 $486 forward 7 unknown #
-351 face $487 $127 $232 $4 $-1 $488 reversed single #
-352 point $-1 -0.09761620562562280112 0.004400000000000073991 0.1500000000000000222 #
-353 coedge $-1 $489 $236 $490 $491 forward $41 $-1 #
-354 coedge $-1 $253 $252 $236 $355 reversed $86 $-1 #
-355 edge $-1 $356 3.141592653589793116 $492 5.497787143800398901 $354 $493 forward 7 unknown #
-356 vertex $-1 $256 $494 #
-357 straight-curve $-1 -0.1002162056256228062 -0.007000000000000150199 0.1499999999999999944 0 1 0 F 0 F 0.0003322330470133590011 #
-358 coedge $-1 $239 $495 $496 $497 forward $41 $-1 #
-359 coedge $-1 $498 $499 $239 $360 reversed $500 $-1 #
-360 edge $-1 $501 3.141592653589794892 $362 4.712388980384689674 $359 $502 forward 7 unknown #
-361 coedge $-1 $260 $240 $499 $503 forward $261 $-1 #
-362 vertex $-1 $503 $504 #
-363 straight-curve $-1 -0.102516205625622997 -0.007500000000000189675 0.1499999999999999944 1 0 -0 F 0 F 0.001800000000000230018 #
-364 point $-1 -0.1007162056256227789 -0.007500000000000187073 0.1500000000000000222 #
-365 point $-1 -0.1002162056256227923 -0.007000000000000155403 0.1500000000000000222 #
-366 string_attrib-name_attrib-gen-attrib $-1 $-1 $-1 $248 keep keep_kept ignore 17 ATTRIB_XACIS_NAME 4 NONE #
-367 face $505 $506 $507 $4 $-1 $508 forward single #
-368 loop $-1 $-1 $509 $248 #
-369 plane-surface $-1 -0.09796975901623640459 -0.007500000000000089928 1 0 1 0 0 -0 1 forward_v F -1 F -0.8499999999999999778 F 0 F 0.0006035533906136130149 #
-370 coedge $-1 $510 $511 $512 $513 forward $249 $-1 #
-371 coedge $-1 $490 $251 $511 $514 reversed $152 $-1 #
-372 coedge $-1 $251 $490 $252 $375 forward $152 $-1 #
-373 coedge $-1 $254 $512 $251 $374 reversed $123 $-1 #
-374 edge $-1 $376 -0.001469848480955171901 $515 0 $251 $516 forward 7 unknown #
-375 edge $-1 $492 -1 $376 -0.8499999999999999778 $252 $517 forward 7 unknown #
-376 vertex $-1 $255 $518 #
-377 ellipse-curve $-1 -0.09971620562562280576 -0.006667766952986789626 0 0 0 -1 -0.0004999999999999839642 0 0 1 F 0 F 2.356194490210619996 #
-378 straight-curve $-1 -0.1002162056256228062 -0.006667766952986791361 -0.8500000000000000888 -0 -0 -1 F -1 F -0.8499999999999999778 #
-379 point $-1 -0.1002162056256227923 -0.006667766952986787024 0 #
-380 face $519 $81 $261 $4 $-1 $520 reversed single #
-381 coedge $-1 $521 $263 $522 $523 reversed $123 $-1 #
-382 coedge $-1 $499 $498 $263 $383 forward $500 $-1 #
-383 edge $-1 $524 0 $384 1.570796326794860143 $382 $525 forward 7 unknown #
-384 vertex $-1 $383 $526 #
-385 straight-curve $-1 -0.102516205625622997 -0.007500000000000189675 0 1 0 0 F 0 F 0.001800000000000184916 #
-386 coedge $-1 $527 $267 $528 $529 reversed $123 $-1 #
-387 coedge $-1 $268 $530 $531 $532 reversed $123 $-1 #
-388 coedge $-1 $284 $528 $270 $389 reversed $413 $-1 #
-389 edge $-1 $286 -1 $390 -0.8499999999999999778 $388 $533 forward 7 unknown #
-390 vertex $-1 $529 $534 #
-391 ellipse-curve $-1 -0.09794843867263640369 -0.004899999999999999842 0 0 0 -1 -0.0005000000000000379575 0 0 1 F 5.497787143782110419 F 6.283185307179589785 #
-392 string_attrib-name_attrib-gen-attrib $-1 $-1 $-1 $272 keep keep_kept ignore 17 ATTRIB_XACIS_NAME 4 NONE #
-393 cone-surface $-1 -0.09794843867263640369 -0.004899999999999999842 1 0 0 -1 -0.0005000000000000379575 0 0 1 F -3.141592653589793116 F 3.141592653589793116 0 1 1 forward I I I I #
-394 coedge $-1 $531 $279 $274 $395 forward $405 $-1 #
-395 edge $-1 $281 -1 $396 -0.8499999999999999778 $274 $535 forward 7 unknown #
-396 vertex $-1 $275 $536 #
-397 straight-curve $-1 -0.09794843867262280346 -0.004400000000000060113 0 1 0 0 F 0 F 0.000332233047000054973 #
-398 string_attrib-name_attrib-gen-attrib $-1 $-1 $-1 $276 keep keep_kept ignore 17 ATTRIB_XACIS_NAME 4 NONE #
-399 face $537 $538 $405 $4 $-1 $539 forward single #
-400 plane-surface $-1 -0.09794843867262280346 -0.004400000000000060113 1 0 1 0 0 -0 1 forward_v F -1 F -0.8499999999999999778 F 0 F 0.000332233047000071724 #
-401 coedge $-1 $540 $278 $541 $542 forward $41 $-1 #
-402 coedge $-1 $543 $544 $278 $403 reversed $545 $-1 #
-403 edge $-1 $406 0 $546 0.001800000000000200094 $402 $547 forward 7 unknown #
-404 coedge $-1 $279 $531 $543 $548 reversed $405 $-1 #
-405 loop $-1 $-1 $531 $399 #
-406 vertex $-1 $548 $549 #
-407 ellipse-curve $-1 -0.09761620562562280112 -0.003900000000000044924 0.1499999999999999944 0 0 1 0.0005000000000000149724 0 -0 1 F 4.71238898038476961 F 6.283185307179589785 #
-408 point $-1 -0.09761620562562274561 -0.004400000000000060113 0.1499999999999999667 #
-409 coedge $-1 $283 $550 $551 $552 forward $41 $-1 #
-410 coedge $-1 $553 $554 $283 $411 reversed $555 $-1 #
-411 edge $-1 $556 6.283185307166739619 $414 7.068583470577089578 $410 $557 forward 7 unknown #
-412 coedge $-1 $528 $284 $554 $558 forward $413 $-1 #
-413 loop $-1 $-1 $528 $559 #
-414 vertex $-1 $558 $560 #
-415 straight-curve $-1 -0.09726265223502940371 -0.006292893218793700096 0.1499999999999999944 -0.7071067811865475727 0.7071067811865475727 0 F 0 F 0.001469848480955424086 #
-416 point $-1 -0.09830199206322970396 -0.005253553390593359088 0.1499999999999999667 #
-417 coedge $-1 $561 $288 $562 $563 reversed $123 $-1 #
-418 coedge $-1 $290 $314 $288 $419 forward $315 $-1 #
-419 edge $-1 $564 4.188790204786416282 $292 5.564808888846858537 $418 $565 forward 7 unknown #
-420 coedge $-1 $289 $566 $567 $568 reversed $123 $-1 #
-421 coedge $-1 $306 $296 $289 $422 forward $307 $-1 #
-422 edge $-1 $298 -0.002126734948579304865 $569 0 $421 $570 forward 7 unknown #
-423 straight-curve $-1 -0.1036751114973109844 -0.0008227039817922469347 1 0 0 -1 F 0.8499999999999999778 F 1 #
-424 point $-1 -0.1036751114973110677 -0.0008227039817922445495 0 #
-425 straight-curve $-1 -0.1032992489065159974 0.0007603453162871979826 -0.8500000000000000888 -0 -0 -1 F -1 F -0.8499999999999999778 #
-426 point $-1 -0.103299248906516053 0.0007603453162871990668 0 #
-427 string_attrib-name_attrib-gen-attrib $-1 $-1 $-1 $301 keep keep_kept ignore 17 ATTRIB_XACIS_NAME 4 NONE #
-428 face $571 $572 $435 $4 $-1 $573 reversed single #
-429 plane-surface $-1 -0.1032992489065159974 0.0007603453162871979826 1 -0.499999999999999889 0.8660254037844388186 0 -0.8660254037844388186 -0.499999999999999889 0 forward_v F -0.002126734948579304865 F 2.978330509396772737e-17 F -1 F -0.8499999999999999778 #
-430 coedge $-1 $574 $303 $575 $576 forward $41 $-1 #
-431 coedge $-1 $577 $578 $303 $432 reversed $579 $-1 #
-432 edge $-1 $436 3.362086414949879032 $580 4.712388980341890132 $431 $581 forward 7 unknown #
-433 coedge $-1 $567 $304 $306 $438 forward $435 $-1 #
-434 coedge $-1 $304 $567 $577 $582 reversed $435 $-1 #
-435 loop $-1 $-1 $567 $428 #
-436 vertex $-1 $582 $583 #
-437 straight-curve $-1 -0.1014574424139302045 0.001823712790576849981 0.1499999999999999944 0.2187114569109234463 0.9757895770174537242 0 F 0 F 0.0007026545005474660365 #
-438 edge $-1 $308 -1 $569 -0.8499999999999999778 $306 $584 forward 7 unknown #
-439 point $-1 -0.1014574424139301628 0.001823712790576837838 0.1499999999999999667 #
-440 coedge $-1 $311 $585 $586 $587 forward $41 $-1 #
-441 coedge $-1 $588 $589 $311 $442 reversed $590 $-1 #
-442 edge $-1 $591 0 $446 0.0007026545005993180054 $441 $592 forward 7 unknown #
-443 coedge $-1 $562 $312 $589 $593 forward $445 $-1 #
-444 coedge $-1 $312 $562 $314 $448 reversed $445 $-1 #
-445 loop $-1 $-1 $562 $594 #
-446 vertex $-1 $593 $595 #
-447 straight-curve $-1 -0.1014574424139441933 -0.001823712790568525043 0.1499999999999999944 -0.8660254037844388186 0.499999999999999889 0 F 0 F 0.002126734948562935146 #
-448 edge $-1 $316 -1 $564 -0.8499999999999999778 $444 $596 forward 7 unknown #
-449 face $597 $189 $315 $4 $-1 $598 forward single #
-450 point $-1 -0.1032992489065158725 -0.0007603453162870601805 0.1499999999999999667 #
-451 coedge $-1 $599 $319 $600 $601 reversed $123 $-1 #
-452 coedge $-1 $346 $345 $319 $453 forward $347 $-1 #
-453 edge $-1 $602 3.14159265358979134 $454 4.71238898038469145 $452 $603 forward 7 unknown #
-454 vertex $-1 $453 $604 #
-455 straight-curve $-1 -0.09794843867263638981 0.004400000000000074858 0 -1 -0 -0 F -0.0003322330470135854909 F 0 #
-456 coedge $-1 $322 $605 $606 $607 reversed $123 $-1 #
-457 coedge $-1 $336 $335 $322 $458 forward $337 $-1 #
-458 edge $-1 $459 0 $608 0.0006035533906130189806 $457 $609 forward 7 unknown #
-459 vertex $-1 $324 $610 #
-460 ellipse-curve $-1 -0.09761620562562249581 0.006646446609386859848 0 0 0 1 -0.000499999999999987 0 0 1 F 2.356194490210396175 F 3.14159265358979134 #
-461 string_attrib-name_attrib-gen-attrib $-1 $-1 $-1 $330 keep keep_kept ignore 17 ATTRIB_XACIS_NAME 4 NONE #
-462 face $611 $612 $469 $4 $-1 $613 forward single #
-463 plane-surface $-1 -0.09711620562562249537 0.006646446609386859848 1 -1 0 0 0 0 1 forward_v F -1 F -0.8499999999999999778 F 0 F 0.0006035533906132957774 #
-464 coedge $-1 $614 $332 $615 $616 forward $41 $-1 #
-465 coedge $-1 $617 $618 $332 $466 reversed $619 $-1 #
-466 edge $-1 $470 0 $620 0.0006035533906001979646 $465 $621 forward 7 unknown #
-467 coedge $-1 $606 $333 $336 $472 forward $469 $-1 #
-468 coedge $-1 $333 $606 $617 $622 reversed $469 $-1 #
-469 loop $-1 $-1 $606 $462 #
-470 vertex $-1 $622 $623 #
-471 ellipse-curve $-1 -0.09736620562562249559 0.007250000000000429712 0.1499999999999999944 0 0 1 0.000249999999999977508 0 -0 1 F -1.099564883588754028e-12 F 1.570796326795564912 #
-472 edge $-1 $338 -1 $608 -0.8499999999999999778 $336 $624 forward 7 unknown #
-473 point $-1 -0.09711620562562250925 0.007250000000000016848 0.1499999999999999667 #
-474 straight-curve $-1 -0.09711620562562249537 0.006646446609386859848 -0.8500000000000000888 -0 -0 -1 F -1 F -0.8499999999999999778 #
-475 coedge $-1 $342 $625 $626 $627 forward $41 $-1 #
-476 coedge $-1 $628 $629 $342 $477 reversed $630 $-1 #
-477 edge $-1 $631 4.71238898038476961 $481 6.283185307179589785 $476 $632 forward 7 unknown #
-478 coedge $-1 $600 $343 $629 $633 forward $480 $-1 #
-479 coedge $-1 $343 $600 $345 $483 reversed $480 $-1 #
-480 loop $-1 $-1 $600 $634 #
-481 vertex $-1 $633 $635 #
-482 straight-curve $-1 -0.09711620562562270353 0.002099999999999864995 0.1499999999999999944 0 1 0 F 0 F 0.001800000000000184916 #
-483 edge $-1 $348 -1 $602 -0.8499999999999999778 $479 $636 forward 7 unknown #
-484 face $637 $351 $347 $4 $-1 $638 forward single #
-485 point $-1 -0.09711620562562273129 0.003900000000000049694 0.1499999999999999667 #
-486 straight-curve $-1 -0.09761620562562280112 0.004400000000000074858 1 0 0 -1 F 0.8499999999999999778 F 1 #
-487 string_attrib-name_attrib-gen-attrib $-1 $-1 $-1 $351 keep keep_kept ignore 17 ATTRIB_XACIS_NAME 4 NONE #
-488 plane-surface $-1 -0.09761620562562280112 0.004400000000000074858 1 0 -1 0 0 0 -1 forward_v F 0.8499999999999999778 F 1 F -0.0003322330470135854909 F 0 #
-489 coedge $-1 $639 $353 $640 $641 forward $41 $-1 #
-490 coedge $-1 $372 $371 $353 $491 reversed $152 $-1 #
-491 edge $-1 $492 0 $642 0.001469848480955185995 $490 $643 forward 7 unknown #
-492 vertex $-1 $375 $644 #
-493 ellipse-curve $-1 -0.09971620562562280576 -0.006667766952986789626 0.1499999999999999944 -0 0 -1 0.0004999999999999839642 0 -0 1 F 3.141592653589793116 F 5.497787143800398901 #
-494 point $-1 -0.1002162056256228062 -0.006667766952986790494 0.1499999999999999667 #
-495 coedge $-1 $358 $645 $646 $647 forward $41 $-1 #
-496 coedge $-1 $648 $649 $358 $497 reversed $650 $-1 #
-497 edge $-1 $651 0 $501 0.0004000000000000149812 $496 $652 forward 7 unknown #
-498 coedge $-1 $382 $359 $649 $653 forward $500 $-1 #
-499 coedge $-1 $359 $382 $361 $503 reversed $500 $-1 #
-500 loop $-1 $-1 $382 $654 #
-501 vertex $-1 $653 $655 #
-502 ellipse-curve $-1 -0.102516205625622997 -0.007000000000000170149 0.1499999999999999944 0 0 1 0.0005000000000000149724 0 -0 1 F 3.141592653589794892 F 4.712388980384689674 #
-503 edge $-1 $362 -1 $384 -0.8499999999999999778 $499 $656 forward 7 unknown #
-504 point $-1 -0.102516205625622997 -0.007500000000000187073 0.1500000000000000222 #
-505 string_attrib-name_attrib-gen-attrib $-1 $-1 $-1 $367 keep keep_kept ignore 17 ATTRIB_XACIS_NAME 4 NONE #
-506 face $657 $658 $659 $4 $-1 $660 reversed single #
-507 loop $-1 $-1 $661 $367 #
-508 cone-surface $-1 -0.09736620562562270376 -0.007250000000000000368 1 0 0 -1 -0.0002500000000000989929 0 0 1 F -3.141592653589793116 F 3.141592653589793116 0 1 1 forward I I I I #
-509 coedge $-1 $662 $663 $664 $665 forward $368 $-1 #
-510 coedge $-1 $640 $370 $663 $666 reversed $249 $-1 #
-511 coedge $-1 $370 $640 $371 $514 forward $249 $-1 #
-512 coedge $-1 $373 $664 $370 $513 reversed $123 $-1 #
-513 edge $-1 $515 0.7853981634166853354 $667 1.57079632679489567 $370 $668 forward 7 unknown #
-514 edge $-1 $642 -1 $515 -0.8499999999999999778 $371 $669 forward 7 unknown #
-515 vertex $-1 $374 $670 #
-516 straight-curve $-1 -0.09832331240682294637 -0.007353553390600137823 0 0.7071067811865475727 -0.7071067811865475727 -0 F -0.001469848480955171901 F 0 #
-517 straight-curve $-1 -0.09936265223502309396 -0.006314213562399990237 -0.8500000000000000888 -0 -0 -1 F -1 F -0.8499999999999999778 #
-518 point $-1 -0.09936265223502308008 -0.006314213562399985033 0 #
-519 string_attrib-name_attrib-gen-attrib $-1 $-1 $-1 $380 keep keep_kept ignore 17 ATTRIB_XACIS_NAME 4 NONE #
-520 plane-surface $-1 -0.102516205625622997 -0.007500000000000189675 1 0 1 0 0 -0 1 forward_v F -1 F -0.8499999999999999778 F 0 F 0.00180000000000023197 #
-521 coedge $-1 $671 $381 $672 $673 reversed $123 $-1 #
-522 coedge $-1 $649 $648 $381 $523 forward $650 $-1 #
-523 edge $-1 $674 -0.0004000000000000509767 $524 0 $522 $675 forward 7 unknown #
-524 vertex $-1 $523 $676 #
-525 ellipse-curve $-1 -0.102516205625622997 -0.007000000000000170149 0 0 0 1 -0.0005000000000000149724 0 0 1 F 0 F 1.570796326794860143 #
-526 point $-1 -0.1025162056256229831 -0.007500000000000187073 0 #
-527 coedge $-1 $677 $386 $678 $679 reversed $123 $-1 #
-528 coedge $-1 $388 $412 $386 $529 forward $413 $-1 #
-529 edge $-1 $680 -0.001469848480955370093 $390 0 $528 $681 forward 7 unknown #
-530 coedge $-1 $387 $682 $683 $684 reversed $123 $-1 #
-531 coedge $-1 $404 $394 $387 $532 forward $405 $-1 #
-532 edge $-1 $396 1.570796326794965836 $685 3.14159265358979134 $531 $686 forward 7 unknown #
-533 straight-curve $-1 -0.09830199206322969008 -0.005253553390593411997 -0.8500000000000000888 -0 -0 -1 F -1 F -0.8499999999999999778 #
-534 point $-1 -0.0983019920632296762 -0.005253553390593360822 0 #
-535 straight-curve $-1 -0.09761620562562274561 -0.004400000000000060113 -0.8500000000000000888 -0 0 -1 F -1 F -0.8499999999999999778 #
-536 point $-1 -0.09761620562562274561 -0.004400000000000060113 0 #
-537 string_attrib-name_attrib-gen-attrib $-1 $-1 $-1 $399 keep keep_kept ignore 17 ATTRIB_XACIS_NAME 4 NONE #
-538 face $687 $688 $545 $4 $-1 $689 reversed single #
-539 cone-surface $-1 -0.09761620562562280112 -0.003900000000000044924 1 0 0 -1 -0.0005000000000000149724 0 0 1 F -3.141592653589793116 F 3.141592653589793116 0 1 1 forward I I I I #
-540 coedge $-1 $690 $401 $691 $692 forward $41 $-1 #
-541 coedge $-1 $693 $694 $401 $542 reversed $695 $-1 #
-542 edge $-1 $546 -3.463895836830490299e-14 $696 1.570796326794895004 $541 $697 forward 7 unknown #
-543 coedge $-1 $683 $402 $404 $548 forward $545 $-1 #
-544 coedge $-1 $402 $683 $693 $698 reversed $545 $-1 #
-545 loop $-1 $-1 $683 $538 #
-546 vertex $-1 $698 $699 #
-547 straight-curve $-1 -0.09711620562562280068 -0.003900000000000044924 0.1499999999999999944 0 1 0 F 0 F 0.001800000000000200094 #
-548 edge $-1 $406 -1 $685 -0.8499999999999999778 $404 $700 forward 7 unknown #
-549 point $-1 -0.0971162056256227868 -0.003900000000000045357 0.1499999999999999667 #
-550 coedge $-1 $409 $639 $701 $702 forward $41 $-1 #
-551 coedge $-1 $703 $704 $409 $552 reversed $659 $-1 #
-552 edge $-1 $705 0 $556 0.0006035533906065610387 $551 $706 forward 7 unknown #
-553 coedge $-1 $678 $410 $704 $707 forward $555 $-1 #
-554 coedge $-1 $410 $678 $412 $558 reversed $555 $-1 #
-555 loop $-1 $-1 $678 $658 #
-556 vertex $-1 $707 $708 #
-557 ellipse-curve $-1 -0.09761620562562270398 -0.006646446609387029851 0.1499999999999999944 0 0 1 0.0005000000000000790487 0 -0 1 F 6.283185307166739619 F 7.068583470577089578 #
-558 edge $-1 $414 -1 $680 -0.8499999999999999778 $554 $709 forward 7 unknown #
-559 face $710 $272 $413 $4 $-1 $711 reversed single #
-560 point $-1 -0.09726265223502938984 -0.006292893218793690555 0.1500000000000000222 #
-561 coedge $-1 $712 $417 $713 $714 reversed $123 $-1 #
-562 coedge $-1 $444 $443 $417 $563 forward $445 $-1 #
-563 edge $-1 $715 -0.002126734948562925172 $564 0 $562 $716 forward 7 unknown #
-564 vertex $-1 $563 $717 #
-565 ellipse-curve $-1 -0.1034492489065159948 -0.001020152937422602081 0 0 0 1 -0.0003000000000002364924 0 0 1 F 4.188790204786416282 F 5.564808888846858537 #
-566 coedge $-1 $420 $718 $719 $720 reversed $123 $-1 #
-567 coedge $-1 $434 $433 $420 $568 forward $435 $-1 #
-568 edge $-1 $569 -0.0007026545005474649523 $721 0 $567 $722 forward 7 unknown #
-569 vertex $-1 $422 $723 #
-570 straight-curve $-1 -0.1014574424139301212 0.001823712790576850198 0 0.8660254037844388186 0.499999999999999889 -0 F -0.002126734948579304865 F 0 #
-571 string_attrib-name_attrib-gen-attrib $-1 $-1 $-1 $428 keep keep_kept ignore 17 ATTRIB_XACIS_NAME 4 NONE #
-572 face $724 $725 $579 $4 $-1 $726 reversed single #
-573 plane-surface $-1 -0.1014574424139302045 0.001823712790576849981 1 -0.9757895770174537242 0.2187114569109234463 0 -0.2187114569109234463 -0.9757895770174537242 0 forward_v F -0.0007026545005474688554 F 0 F -1 F -0.8499999999999999778 #
-574 coedge $-1 $727 $430 $728 $729 forward $41 $-1 #
-575 coedge $-1 $730 $731 $430 $576 reversed $732 $-1 #
-576 edge $-1 $580 0 $733 0.002099663410299824808 $575 $734 forward 7 unknown #
-577 coedge $-1 $719 $431 $434 $582 forward $579 $-1 #
-578 coedge $-1 $431 $719 $730 $735 reversed $579 $-1 #
-579 loop $-1 $-1 $719 $572 #
-580 vertex $-1 $735 $736 #
-581 ellipse-curve $-1 -0.1008158690359016035 0.00239999999999997507 0.1499999999999999944 -0 0 -1 0.0005000000000000790487 0 -0 1 F 3.362086414949879032 F 4.712388980341890132 #
-582 edge $-1 $436 -1 $721 -0.8499999999999999778 $434 $737 forward 7 unknown #
-583 point $-1 -0.1013037638244104199 0.002509355728455470863 0.1499999999999999667 #
-584 straight-curve $-1 -0.1014574424139301212 0.001823712790576850198 -0.8500000000000000888 -0 -0 -1 F -1 F -0.8499999999999999778 #
-585 coedge $-1 $440 $738 $739 $740 forward $41 $-1 #
-586 coedge $-1 $741 $742 $440 $587 reversed $743 $-1 #
-587 edge $-1 $744 1.570796326794896558 $591 2.921098892138894954 $586 $745 forward 7 unknown #
-588 coedge $-1 $713 $441 $742 $746 forward $590 $-1 #
-589 coedge $-1 $441 $713 $443 $593 reversed $590 $-1 #
-590 loop $-1 $-1 $713 $747 #
-591 vertex $-1 $746 $748 #
-592 straight-curve $-1 -0.1013037638244229932 -0.002509355728499914912 0.1499999999999999944 -0.218711456897147577 0.9757895770205414765 0 F 0 F 0.0007026545005993180054 #
-593 edge $-1 $446 -1 $715 -0.8499999999999999778 $589 $749 forward 7 unknown #
-594 face $750 $449 $445 $4 $-1 $751 reversed single #
-595 point $-1 -0.1014574424139443043 -0.0018237127905684923 0.1499999999999999667 #
-596 straight-curve $-1 -0.1032992489065158725 -0.0007603453162870626742 -0.8500000000000000888 -0 -0 -1 F -1 F -0.8499999999999999778 #
-597 string_attrib-name_attrib-gen-attrib $-1 $-1 $-1 $449 keep keep_kept ignore 17 ATTRIB_XACIS_NAME 4 NONE #
-598 cone-surface $-1 -0.1034492489065159948 -0.001020152937422602081 1 0 0 -1 -0.0003000000000002364924 0 0 1 F -3.141592653589793116 F 3.141592653589793116 0 1 1 forward I I I I #
-599 coedge $-1 $752 $451 $753 $754 reversed $123 $-1 #
-600 coedge $-1 $479 $478 $451 $601 forward $480 $-1 #
-601 edge $-1 $755 0 $602 0.001800000000000184916 $600 $756 forward 7 unknown #
-602 vertex $-1 $601 $757 #
-603 ellipse-curve $-1 -0.09761620562562280112 0.003900000000000050128 0 0 0 1 -0.0005000000000000239713 0 0 1 F 3.14159265358979134 F 4.71238898038469145 #
-604 point $-1 -0.09761620562562275949 0.00440000000000007746 0 #
-605 coedge $-1 $456 $758 $759 $760 reversed $123 $-1 #
-606 coedge $-1 $468 $467 $456 $607 forward $469 $-1 #
-607 edge $-1 $608 3.141592653588690887 $761 4.71238898038532561 $606 $762 forward 7 unknown #
-608 vertex $-1 $458 $763 #
-609 straight-curve $-1 -0.09711620562562249537 0.006646446609386859848 0 0 1 0 F 0 F 0.0006035533906130189806 #
-610 point $-1 -0.09711620562562250925 0.006646446609386858981 0 #
-611 string_attrib-name_attrib-gen-attrib $-1 $-1 $-1 $462 keep keep_kept ignore 17 ATTRIB_XACIS_NAME 4 NONE #
-612 face $764 $765 $619 $4 $-1 $766 reversed single #
-613 cone-surface $-1 -0.09736620562562249559 0.007250000000000429712 1 0 0 -1 -0.000249999999999977508 0 0 1 F -3.141592653589793116 F 3.141592653589793116 0 1 1 forward I I I I #
-614 coedge $-1 $767 $464 $768 $769 forward $41 $-1 #
-615 coedge $-1 $770 $771 $464 $616 reversed $772 $-1 #
-616 edge $-1 $620 1.570796326767474937 $773 2.356194490192359936 $615 $774 forward 7 unknown #
-617 coedge $-1 $759 $465 $468 $622 forward $619 $-1 #
-618 coedge $-1 $465 $759 $770 $775 reversed $619 $-1 #
-619 loop $-1 $-1 $759 $612 #
-620 vertex $-1 $775 $776 #
-621 straight-curve $-1 -0.09736620562562270376 0.007500000000000409985 0.1499999999999999944 -1 0 0 F 0 F 0.0006035533906001979646 #
-622 edge $-1 $470 0.8499999999999999778 $761 1 $468 $777 forward 7 unknown #
-623 point $-1 -0.097366205625622676 0.007500000000000409117 0.1500000000000000222 #
-624 straight-curve $-1 -0.09711620562562249537 0.007249999999999878937 -0.8500000000000000888 -0 -0 -1 F -1 F -0.8499999999999999778 #
-625 coedge $-1 $475 $727 $778 $779 forward $41 $-1 #
-626 coedge $-1 $780 $781 $475 $627 reversed $782 $-1 #
-627 edge $-1 $783 0 $631 0.0004000000000000529824 $626 $784 forward 7 unknown #
-628 coedge $-1 $753 $476 $781 $785 forward $630 $-1 #
-629 coedge $-1 $476 $753 $478 $633 reversed $630 $-1 #
-630 loop $-1 $-1 $753 $786 #
-631 vertex $-1 $785 $787 #
-632 ellipse-curve $-1 -0.09761620562562280112 0.002099999999999864995 0.1499999999999999944 0 0 1 0.0005000000000000239713 0 -0 1 F 4.71238898038476961 F 6.283185307179589785 #
-633 edge $-1 $481 -1 $755 -0.8499999999999999778 $629 $788 forward 7 unknown #
-634 face $789 $484 $480 $4 $-1 $790 reversed single #
-635 point $-1 -0.09711620562562273129 0.002099999999999864562 0.1499999999999999667 #
-636 straight-curve $-1 -0.09711620562562270353 0.003900000000000050128 -0.8500000000000000888 -0 -0 -1 F -1 F -0.8499999999999999778 #
-637 string_attrib-name_attrib-gen-attrib $-1 $-1 $-1 $484 keep keep_kept ignore 17 ATTRIB_XACIS_NAME 4 NONE #
-638 cone-surface $-1 -0.09761620562562280112 0.003900000000000050128 1 0 0 -1 -0.0005000000000000239713 0 0 1 F -3.141592653589793116 F 3.141592653589793116 0 1 1 forward I I I I #
-639 coedge $-1 $550 $489 $791 $792 forward $41 $-1 #
-640 coedge $-1 $511 $510 $489 $641 reversed $249 $-1 #
-641 edge $-1 $642 3.926990817006479784 $793 4.712388980384689674 $640 $794 forward 7 unknown #
-642 vertex $-1 $514 $795 #
-643 straight-curve $-1 -0.09936265223502309396 -0.006314213562399990237 0.1499999999999999944 0.7071067811865475727 -0.7071067811865475727 0 F 0 F 0.001469848480955185995 #
-644 point $-1 -0.09936265223502308008 -0.006314213562399986768 0.1499999999999999667 #
-645 coedge $-1 $495 $796 $797 $798 forward $41 $-1 #
-646 coedge $-1 $799 $800 $495 $647 reversed $801 $-1 #
-647 edge $-1 $802 1.570796326794895004 $651 3.14159265358982509 $646 $803 forward 7 unknown #
-648 coedge $-1 $522 $496 $800 $804 forward $650 $-1 #
-649 coedge $-1 $496 $522 $498 $653 reversed $650 $-1 #
-650 loop $-1 $-1 $522 $805 #
-651 vertex $-1 $804 $806 #
-652 straight-curve $-1 -0.1030162056256229974 -0.006600000000000160426 0.1499999999999999944 0 -1 0 F 0 F 0.0004000000000000149812 #
-653 edge $-1 $501 0.8499999999999999778 $524 1 $649 $807 forward 7 unknown #
-654 face $808 $380 $500 $4 $-1 $809 forward single #
-655 point $-1 -0.1030162056256229974 -0.007000000000000190098 0.1500000000000000777 #
-656 straight-curve $-1 -0.102516205625622997 -0.007500000000000189675 -0.8500000000000000888 -0 0 -1 F -1 F -0.8499999999999999778 #
-657 string_attrib-name_attrib-gen-attrib $-1 $-1 $-1 $506 keep keep_kept ignore 17 ATTRIB_XACIS_NAME 4 NONE #
-658 face $810 $559 $555 $4 $-1 $811 forward single #
-659 loop $-1 $-1 $812 $506 #
-660 plane-surface $-1 -0.09711620562562260639 -0.007250000000000000368 1 -1 0 0 0 0 1 forward_v F -1 F -0.8499999999999999778 F 0 F 0.0006035533906065607135 #
-661 coedge $-1 $813 $814 $815 $816 forward $507 $-1 #
-662 coedge $-1 $791 $509 $814 $817 reversed $368 $-1 #
-663 coedge $-1 $509 $791 $510 $666 forward $368 $-1 #
-664 coedge $-1 $512 $815 $509 $665 reversed $123 $-1 #
-665 edge $-1 $667 0 $818 0.0006035533906136130149 $509 $819 forward 7 unknown #
-666 edge $-1 $793 -1 $667 -0.8499999999999999778 $510 $820 forward 7 unknown #
-667 vertex $-1 $513 $821 #
-668 ellipse-curve $-1 -0.09796975901623640459 -0.007000000000000000146 0 0 0 1 -0.0005000000000001179716 0 0 1 F 0.7853981634166853354 F 1.57079632679489567 #
-669 straight-curve $-1 -0.09832331240682294637 -0.007353553390600137823 -0.8500000000000000888 -0 -0 -1 F -1 F -0.8499999999999999778 #
-670 point $-1 -0.09832331240682294637 -0.007353553390600144762 0 #
-671 coedge $-1 $822 $521 $823 $824 reversed $123 $-1 #
-672 coedge $-1 $800 $799 $521 $673 forward $801 $-1 #
-673 edge $-1 $825 4.71238898038469145 $674 6.283185307179603107 $672 $826 forward 7 unknown #
-674 vertex $-1 $673 $827 #
-675 straight-curve $-1 -0.1030162056256229974 -0.007000000000000211782 0 0 -1 -0 F -0.0004000000000000509767 F 0 #
-676 point $-1 -0.1030162056256229974 -0.007000000000000190098 0 #
-677 coedge $-1 $815 $527 $812 $828 reversed $123 $-1 #
-678 coedge $-1 $554 $553 $527 $679 forward $555 $-1 #
-679 edge $-1 $829 3.141592653576941174 $680 3.926990816987241395 $678 $830 forward 7 unknown #
-680 vertex $-1 $679 $831 #
-681 straight-curve $-1 -0.09830199206322969008 -0.005253553390593411997 0 -0.7071067811865475727 0.7071067811865475727 -0 F -0.001469848480955370093 F 0 #
-682 coedge $-1 $530 $832 $833 $834 reversed $123 $-1 #
-683 coedge $-1 $544 $543 $530 $684 forward $545 $-1 #
-684 edge $-1 $685 0 $835 0.001800000000000179928 $683 $836 forward 7 unknown #
-685 vertex $-1 $532 $837 #
-686 ellipse-curve $-1 -0.09761620562562280112 -0.003900000000000044924 0 0 0 1 -0.0005000000000000149724 0 0 1 F 1.570796326794965836 F 3.14159265358979134 #
-687 string_attrib-name_attrib-gen-attrib $-1 $-1 $-1 $538 keep keep_kept ignore 17 ATTRIB_XACIS_NAME 4 NONE #
-688 face $838 $839 $695 $4 $-1 $840 forward single #
-689 plane-surface $-1 -0.09711620562562280068 -0.003900000000000044924 1 -1 0 0 0 0 1 forward_v F -1 F -0.8499999999999999778 F 0 F 0.001800000000000199878 #
-690 coedge $-1 $841 $540 $842 $843 forward $41 $-1 #
-691 coedge $-1 $844 $845 $540 $692 reversed $846 $-1 #
-692 edge $-1 $696 0 $847 0.0004000000000000529824 $691 $848 forward 7 unknown #
-693 coedge $-1 $833 $541 $544 $698 forward $695 $-1 #
-694 coedge $-1 $541 $833 $844 $849 reversed $695 $-1 #
-695 loop $-1 $-1 $833 $688 #
-696 vertex $-1 $849 $850 #
-697 ellipse-curve $-1 -0.09761620562562280112 -0.002099999999999829867 0.1499999999999999944 0 0 1 0.0005000000000000000104 0 -0 1 F -3.463895836830490299e-14 F 1.570796326794895004 #
-698 edge $-1 $546 -1 $835 -0.8499999999999999778 $544 $851 forward 7 unknown #
-699 point $-1 -0.09711620562562280068 -0.002099999999999847648 0.1499999999999999667 #
-700 straight-curve $-1 -0.09711620562562280068 -0.003900000000000044924 -0.8500000000000000888 -0 -0 -1 F -1 F -0.8499999999999999778 #
-701 coedge $-1 $814 $813 $550 $702 reversed $507 $-1 #
-702 edge $-1 $852 4.712388980384520032 $705 6.283185307179519619 $701 $853 forward 7 unknown #
-703 coedge $-1 $812 $551 $813 $854 forward $659 $-1 #
-704 coedge $-1 $551 $812 $553 $707 reversed $659 $-1 #
-705 vertex $-1 $854 $855 #
-706 straight-curve $-1 -0.09711620562562260639 -0.007250000000000000368 0.1499999999999999944 0 1 0 F 0 F 0.0006035533906065610387 #
-707 edge $-1 $556 -1 $829 -0.8499999999999999778 $704 $856 forward 7 unknown #
-708 point $-1 -0.09711620562562262027 -0.00664644660939665323 0.1499999999999999667 #
-709 straight-curve $-1 -0.09726265223502940371 -0.006292893218793700096 -0.8500000000000000888 -0 -0 -1 F -1 F -0.8499999999999999778 #
-710 string_attrib-name_attrib-gen-attrib $-1 $-1 $-1 $559 keep keep_kept ignore 17 ATTRIB_XACIS_NAME 4 NONE #
-711 plane-surface $-1 -0.09726265223502940371 -0.006292893218793700096 1 -0.7071067811865475727 -0.7071067811865475727 0 0.7071067811865475727 -0.7071067811865475727 0 forward_v F -0.001469848480955422351 F 0 F -1 F -0.8499999999999999778 #
-712 coedge $-1 $857 $561 $858 $859 reversed $123 $-1 #
-713 coedge $-1 $589 $588 $561 $714 forward $590 $-1 #
-714 edge $-1 $860 -0.0007026545005993170296 $715 0 $713 $861 forward 7 unknown #
-715 vertex $-1 $714 $862 #
-716 straight-curve $-1 -0.1032992489065158725 -0.0007603453162870626742 0 -0.8660254037844388186 0.499999999999999889 -0 F -0.002126734948562925172 F 0 #
-717 point $-1 -0.1032992489065159281 -0.0007603453162870612647 0 #
-718 coedge $-1 $566 $863 $864 $865 reversed $123 $-1 #
-719 coedge $-1 $578 $577 $566 $720 forward $579 $-1 #
-720 edge $-1 $721 0.2204937613600919943 $866 1.570796326752305072 $719 $867 forward 7 unknown #
-721 vertex $-1 $568 $868 #
-722 straight-curve $-1 -0.1013037638244104477 0.002509355728455470863 0 0.2187114569109234463 0.9757895770174537242 -0 F -0.0007026545005474649523 F 0 #
-723 point $-1 -0.1014574424139301628 0.001823712790576854969 0 #
-724 string_attrib-name_attrib-gen-attrib $-1 $-1 $-1 $572 keep keep_kept ignore 17 ATTRIB_XACIS_NAME 4 NONE #
-725 face $869 $870 $732 $4 $-1 $871 reversed single #
-726 cone-surface $-1 -0.1008158690359016035 0.00239999999999997507 1 0 0 -1 -0.0005000000000000790487 0 0 1 F -3.141592653589793116 F 3.141592653589793116 0 1 1 forward I I I I #
-727 coedge $-1 $625 $574 $872 $873 forward $41 $-1 #
-728 coedge $-1 $874 $875 $574 $729 reversed $876 $-1 #
-729 edge $-1 $733 4.712388980384689674 $877 6.283185307179586232 $728 $878 forward 7 unknown #
-730 coedge $-1 $864 $575 $578 $735 forward $732 $-1 #
-731 coedge $-1 $575 $864 $874 $879 reversed $732 $-1 #
-732 loop $-1 $-1 $864 $725 #
-733 vertex $-1 $879 $880 #
-734 straight-curve $-1 -0.1008158690359230031 0.002900000000000054878 0.1499999999999999944 1 0 -0 F 0 F 0.002099663410299824808 #
-735 edge $-1 $580 -1 $866 -0.8499999999999999778 $578 $881 forward 7 unknown #
-736 point $-1 -0.1008158690359229614 0.002900000000000054444 0.1499999999999999667 #
-737 straight-curve $-1 -0.1013037638244104477 0.002509355728455470863 -0.8500000000000000888 -0 -0 -1 F -1 F -0.8499999999999999778 #
-738 coedge $-1 $585 $841 $882 $883 forward $41 $-1 #
-739 coedge $-1 $884 $885 $585 $740 reversed $886 $-1 #
-740 edge $-1 $887 0 $744 0.002099663410301599864 $739 $888 forward 7 unknown #
-741 coedge $-1 $858 $586 $885 $889 forward $743 $-1 #
-742 coedge $-1 $586 $858 $588 $746 reversed $743 $-1 #
-743 loop $-1 $-1 $858 $890 #
-744 vertex $-1 $889 $891 #
-745 ellipse-curve $-1 -0.1008158690359241966 -0.002400000000000129894 0.1499999999999999944 -0 0 -1 0.0004999999999998780377 0 -0 1 F 1.570796326794896558 F 2.921098892138894954 #
-746 edge $-1 $591 -1 $860 -0.8499999999999999778 $742 $892 forward 7 unknown #
-747 face $893 $594 $590 $4 $-1 $894 reversed single #
-748 point $-1 -0.1013037638244229377 -0.002509355728499901034 0.1499999999999999667 #
-749 straight-curve $-1 -0.1014574424139444014 -0.001823712790568527645 -0.8500000000000000888 -0 -0 -1 F -1 F -0.8499999999999999778 #
-750 string_attrib-name_attrib-gen-attrib $-1 $-1 $-1 $594 keep keep_kept ignore 17 ATTRIB_XACIS_NAME 4 NONE #
-751 plane-surface $-1 -0.1014574424139441933 -0.001823712790568525043 1 -0.499999999999999889 -0.8660254037844388186 0 0.8660254037844388186 -0.499999999999999889 0 forward_v F -0.002126734948562948591 F 2.168404344971008387e-19 F -1 F -0.8499999999999999778 #
-752 coedge $-1 $895 $599 $896 $897 reversed $123 $-1 #
-753 coedge $-1 $629 $628 $599 $754 forward $630 $-1 #
-754 edge $-1 $898 1.570796326794965836 $755 3.14159265358979134 $753 $899 forward 7 unknown #
-755 vertex $-1 $754 $900 #
-756 straight-curve $-1 -0.09711620562562270353 0.002099999999999864995 0 0 1 0 F 0 F 0.001800000000000184916 #
-757 point $-1 -0.09711620562562273129 0.003900000000000044924 0 #
-758 coedge $-1 $605 $901 $902 $903 reversed $123 $-1 #
-759 coedge $-1 $618 $617 $605 $760 forward $619 $-1 #
-760 edge $-1 $761 -0.0006035533906001860384 $904 0 $759 $905 forward 7 unknown #
-761 vertex $-1 $607 $906 #
-762 ellipse-curve $-1 -0.09736620562562249559 0.007250000000000429712 0 0 0 1 -0.000249999999999977508 0 0 1 F 3.141592653588690887 F 4.71238898038532561 #
-763 point $-1 -0.09711620562562250925 0.00725000000000001945 0 #
-764 string_attrib-name_attrib-gen-attrib $-1 $-1 $-1 $612 keep keep_kept ignore 17 ATTRIB_XACIS_NAME 4 NONE #
-765 face $907 $908 $772 $4 $-1 $909 forward single #
-766 plane-surface $-1 -0.09736620562562270376 0.007500000000000409985 1 0 -1 0 0 0 -1 forward_v F 0.8499999999999999778 F 1 F -0.0006035533906001977478 F 0 #
-767 coedge $-1 $910 $614 $911 $912 forward $41 $-1 #
-768 coedge $-1 $913 $914 $614 $769 reversed $915 $-1 #
-769 edge $-1 $773 0 $916 0.001469848480954362002 $768 $917 forward 7 unknown #
-770 coedge $-1 $902 $615 $618 $775 forward $772 $-1 #
-771 coedge $-1 $615 $902 $913 $918 reversed $772 $-1 #
-772 loop $-1 $-1 $902 $765 #
-773 vertex $-1 $918 $919 #
-774 ellipse-curve $-1 -0.09796975901623659888 0.00700000000000038005 0.1499999999999999944 0 0 1 0.000500000000000027007 0 -0 1 F 1.570796326767474937 F 2.356194490192359936 #
-775 edge $-1 $620 0.8499999999999999778 $904 1 $618 $920 forward 7 unknown #
-776 point $-1 -0.0979697590162229015 0.007500000000000409117 0.1500000000000000222 #
-777 straight-curve $-1 -0.09736620562562270376 0.007500000000000409985 1 0 0 -1 F 0.8499999999999999778 F 1 #
-778 coedge $-1 $921 $922 $625 $779 reversed $923 $-1 #
-779 edge $-1 $924 3.141592653589794892 $783 4.712388980384689674 $778 $925 forward 7 unknown #
-780 coedge $-1 $896 $626 $922 $926 forward $782 $-1 #
-781 coedge $-1 $626 $896 $628 $785 reversed $782 $-1 #
-782 loop $-1 $-1 $896 $927 #
-783 vertex $-1 $926 $928 #
-784 straight-curve $-1 -0.0980162056256227987 0.001599999999999840048 0.1499999999999999944 1 0 -0 F 0 F 0.0004000000000000529824 #
-785 edge $-1 $631 -1 $898 -0.8499999999999999778 $781 $929 forward 7 unknown #
-786 face $930 $634 $630 $4 $-1 $931 forward single #
-787 point $-1 -0.09761620562562274561 0.001599999999999840699 0.1499999999999999667 #
-788 straight-curve $-1 -0.09711620562562270353 0.002099999999999864995 -0.8500000000000000888 -0 -0 -1 F -1 F -0.8499999999999999778 #
-789 string_attrib-name_attrib-gen-attrib $-1 $-1 $-1 $634 keep keep_kept ignore 17 ATTRIB_XACIS_NAME 4 NONE #
-790 plane-surface $-1 -0.09711620562562270353 0.002099999999999864995 1 -1 0 0 0 0 1 forward_v F -1 F -0.8499999999999999778 F 0 F 0.001800000000000185132 #
-791 coedge $-1 $663 $662 $639 $792 reversed $368 $-1 #
-792 edge $-1 $793 0 $852 0.0006035533906135900298 $791 $932 forward 7 unknown #
-793 vertex $-1 $666 $933 #
-794 ellipse-curve $-1 -0.09796975901623640459 -0.007000000000000000146 0.1499999999999999944 0 0 1 0.0005000000000001179716 0 -0 1 F 3.926990817006479784 F 4.712388980384689674 #
-795 point $-1 -0.09832331240682294637 -0.007353553390600148232 0.1499999999999999667 #
-796 coedge $-1 $645 $934 $935 $936 forward $41 $-1 #
-797 coedge $-1 $937 $938 $645 $798 reversed $939 $-1 #
-798 edge $-1 $940 0 $802 0.0005999999999999340279 $797 $941 forward 7 unknown #
-799 coedge $-1 $672 $646 $938 $942 forward $801 $-1 #
-800 coedge $-1 $646 $672 $648 $804 reversed $801 $-1 #
-801 loop $-1 $-1 $672 $943 #
-802 vertex $-1 $942 $944 #
-803 ellipse-curve $-1 -0.102516205625622997 -0.006600000000000139609 0.1499999999999999944 0 0 1 0.0005000000000000059735 0 -0 1 F 1.570796326794895004 F 3.14159265358982509 #
-804 edge $-1 $651 0.8499999999999999778 $674 1 $800 $945 forward 7 unknown #
-805 face $946 $654 $650 $4 $-1 $947 reversed single #
-806 point $-1 -0.1030162056256229974 -0.006600000000000150017 0.1500000000000000777 #
-807 straight-curve $-1 -0.1030162056256229974 -0.007000000000000211782 1 0 0 -1 F 0.8499999999999999778 F 1 #
-808 string_attrib-name_attrib-gen-attrib $-1 $-1 $-1 $654 keep keep_kept ignore 17 ATTRIB_XACIS_NAME 4 NONE #
-809 cone-surface $-1 -0.102516205625622997 -0.007000000000000170149 1 0 0 -1 -0.0005000000000000149724 0 0 1 F -3.141592653589793116 F 3.141592653589793116 0 1 1 forward I I I I #
-810 string_attrib-name_attrib-gen-attrib $-1 $-1 $-1 $658 keep keep_kept ignore 17 ATTRIB_XACIS_NAME 4 NONE #
-811 cone-surface $-1 -0.09761620562562270398 -0.006646446609387029851 1 0 0 -1 -0.0005000000000000790487 0 0 1 F -3.141592653589793116 F 3.141592653589793116 0 1 1 forward I I I I #
-812 coedge $-1 $704 $703 $677 $828 forward $659 $-1 #
-813 coedge $-1 $701 $661 $703 $854 reversed $507 $-1 #
-814 coedge $-1 $661 $701 $662 $817 forward $507 $-1 #
-815 coedge $-1 $664 $677 $661 $816 reversed $123 $-1 #
-816 edge $-1 $818 1.570796326794756226 $948 3.141592653589756257 $661 $949 forward 7 unknown #
-817 edge $-1 $852 -1 $818 -0.8499999999999999778 $662 $950 forward 7 unknown #
-818 vertex $-1 $665 $951 #
-819 straight-curve $-1 -0.09796975901623640459 -0.007500000000000089928 0 1 0 0 F 0 F 0.0006035533906136130149 #
-820 straight-curve $-1 -0.09796975901623640459 -0.007500000000000089928 -0.8500000000000000888 -0 0 -1 F -1 F -0.8499999999999999778 #
-821 point $-1 -0.09796975901623639071 -0.007500000000000103806 0 #
-822 coedge $-1 $952 $671 $953 $954 reversed $123 $-1 #
-823 coedge $-1 $938 $937 $671 $824 forward $939 $-1 #
-824 edge $-1 $955 -0.0005999999999999089829 $825 0 $823 $956 forward 7 unknown #
-825 vertex $-1 $824 $957 #
-826 ellipse-curve $-1 -0.102516205625622997 -0.006600000000000139609 0 0 0 1 -0.0005000000000000059735 0 0 1 F 4.71238898038469145 F 6.283185307179603107 #
-827 point $-1 -0.1030162056256229836 -0.006600000000000150017 0 #
-828 edge $-1 $948 0 $829 0.0006035533906001330209 $812 $958 forward 7 unknown #
-829 vertex $-1 $828 $959 #
-830 ellipse-curve $-1 -0.09761620562562270398 -0.006646446609387029851 0 0 0 1 -0.0005000000000000790487 0 0 1 F 3.141592653576941174 F 3.926990816987241395 #
-831 point $-1 -0.09726265223502938984 -0.006292893218793695759 0 #
-832 coedge $-1 $682 $960 $961 $962 reversed $123 $-1 #
-833 coedge $-1 $694 $693 $682 $834 forward $695 $-1 #
-834 edge $-1 $835 3.141592653589755813 $963 4.712388980384690562 $833 $964 forward 7 unknown #
-835 vertex $-1 $684 $965 #
-836 straight-curve $-1 -0.09711620562562280068 -0.003900000000000044924 0 0 1 0 F 0 F 0.001800000000000179928 #
-837 point $-1 -0.09711620562562275905 -0.003900000000000045357 0 #
-838 string_attrib-name_attrib-gen-attrib $-1 $-1 $-1 $688 keep keep_kept ignore 17 ATTRIB_XACIS_NAME 4 NONE #
-839 face $966 $967 $846 $4 $-1 $968 reversed single #
-840 cone-surface $-1 -0.09761620562562280112 -0.002099999999999829867 1 0 0 -1 -0.0005000000000000000104 0 0 1 F -3.141592653589793116 F 3.141592653589793116 0 1 1 forward I I I I #
-841 coedge $-1 $738 $690 $969 $970 forward $41 $-1 #
-842 coedge $-1 $971 $972 $690 $843 reversed $973 $-1 #
-843 edge $-1 $847 1.570796326794980047 $974 3.141592653589794892 $842 $975 forward 7 unknown #
-844 coedge $-1 $961 $691 $694 $849 forward $846 $-1 #
-845 coedge $-1 $691 $961 $971 $976 reversed $846 $-1 #
-846 loop $-1 $-1 $961 $839 #
-847 vertex $-1 $976 $977 #
-848 straight-curve $-1 -0.09761620562562280112 -0.001599999999999830074 0.1499999999999999944 -1 0 0 F 0 F 0.0004000000000000529824 #
-849 edge $-1 $696 0.8499999999999999778 $963 1 $694 $978 forward 7 unknown #
-850 point $-1 -0.097616205625622815 -0.001599999999999829857 0.1500000000000000222 #
-851 straight-curve $-1 -0.09711620562562280068 -0.002099999999999864995 -0.8500000000000000888 -0 -0 -1 F -1 F -0.8499999999999999778 #
-852 vertex $-1 $817 $979 #
-853 ellipse-curve $-1 -0.09736620562562270376 -0.007250000000000000368 0.1499999999999999944 0 0 1 0.0002500000000000989929 0 -0 1 F 4.712388980384520032 F 6.283185307179519619 #
-854 edge $-1 $705 -1 $948 -0.8499999999999999778 $813 $980 forward 7 unknown #
-855 point $-1 -0.09711620562562260639 -0.007250000000000008174 0.1499999999999999667 #
-856 straight-curve $-1 -0.09711620562562260639 -0.006646446609399867672 -0.8500000000000000888 -0 -0 -1 F -1 F -0.8499999999999999778 #
-857 coedge $-1 $981 $712 $982 $983 reversed $123 $-1 #
-858 coedge $-1 $742 $741 $712 $859 forward $743 $-1 #
-859 edge $-1 $984 4.712388980384689674 $860 6.062691545728640108 $858 $985 forward 7 unknown #
-860 vertex $-1 $859 $986 #
-861 straight-curve $-1 -0.1014574424139444014 -0.001823712790568527645 0 -0.218711456897147577 0.9757895770205414765 -0 F -0.0007026545005993170296 F 0 #
-862 point $-1 -0.1014574424139443043 -0.001823712790568523525 0 #
-863 coedge $-1 $718 $987 $988 $989 reversed $123 $-1 #
-864 coedge $-1 $731 $730 $718 $865 forward $732 $-1 #
-865 edge $-1 $866 0 $990 0.002099663410299824808 $864 $991 forward 7 unknown #
-866 vertex $-1 $720 $992 #
-867 ellipse-curve $-1 -0.1008158690359016035 0.00239999999999997507 0 0 0 -1 -0.0005000000000000790487 0 0 1 F 0.2204937613600919943 F 1.570796326752305072 #
-868 point $-1 -0.1013037638244104199 0.002509355728455475634 0 #
-869 string_attrib-name_attrib-gen-attrib $-1 $-1 $-1 $725 keep keep_kept ignore 17 ATTRIB_XACIS_NAME 4 NONE #
-870 face $993 $994 $876 $4 $-1 $995 reversed single #
-871 plane-surface $-1 -0.1008158690359230031 0.002900000000000054878 1 0 1 0 0 -0 1 forward_v F -1 F -0.8499999999999999778 F 0 F 0.002099663410299824808 #
-872 coedge $-1 $996 $997 $727 $873 reversed $998 $-1 #
-873 edge $-1 $877 0 $924 0.0005999999999998750473 $872 $999 forward 7 unknown #
-874 coedge $-1 $988 $728 $731 $879 forward $876 $-1 #
-875 coedge $-1 $728 $988 $996 $1000 reversed $876 $-1 #
-876 loop $-1 $-1 $988 $870 #
-877 vertex $-1 $1000 $1001 #
-878 ellipse-curve $-1 -0.09871620562562309631 0.002699999999999739934 0.1499999999999999944 -0 0 -1 0.0002000000000003135066 0 -0 1 F 4.712388980384689674 F 6.283185307179586232 #
-879 edge $-1 $733 -1 $990 -0.8499999999999999778 $731 $1002 forward 7 unknown #
-880 point $-1 -0.09871620562562313794 0.002900000000000054444 0.1499999999999999667 #
-881 straight-curve $-1 -0.1008158690359230031 0.002900000000000054878 -0.8500000000000000888 -0 0 -1 F -1 F -0.8499999999999999778 #
-882 coedge $-1 $1003 $1004 $738 $883 reversed $1005 $-1 #
-883 edge $-1 $1006 0 $887 1.570796326792399 $882 $1007 forward 7 unknown #
-884 coedge $-1 $982 $739 $1004 $1008 forward $886 $-1 #
-885 coedge $-1 $739 $982 $741 $889 reversed $886 $-1 #
-886 loop $-1 $-1 $982 $1009 #
-887 vertex $-1 $1008 $1010 #
-888 straight-curve $-1 -0.09871620562562259671 -0.0028999999999999998 0.1499999999999999944 -1 0 0 F 0 F 0.002099663410301599864 #
-889 edge $-1 $744 0.8499999999999999778 $984 1 $885 $1011 forward 7 unknown #
-890 face $1012 $747 $743 $4 $-1 $1013 reversed single #
-891 point $-1 -0.1008158690359241827 -0.002900000000000004137 0.1500000000000000222 #
-892 straight-curve $-1 -0.1013037638244229932 -0.002509355728499914912 -0.8500000000000000888 -0 -0 -1 F -1 F -0.8499999999999999778 #
-893 string_attrib-name_attrib-gen-attrib $-1 $-1 $-1 $747 keep keep_kept ignore 17 ATTRIB_XACIS_NAME 4 NONE #
-894 plane-surface $-1 -0.1013037638244229932 -0.002509355728499914912 1 -0.9757895770205414765 -0.218711456897147577 0 0.218711456897147577 -0.9757895770205414765 0 forward_v F -0.0007026545005993203906 F 0 F -1 F -0.8499999999999999778 #
-895 coedge $-1 $987 $752 $1014 $1015 reversed $123 $-1 #
-896 coedge $-1 $781 $780 $752 $897 forward $782 $-1 #
-897 edge $-1 $1016 0 $898 0.0004000000000000679986 $896 $1017 forward 7 unknown #
-898 vertex $-1 $897 $1018 #
-899 ellipse-curve $-1 -0.09761620562562280112 0.002099999999999864995 0 0 0 1 -0.0005000000000000239713 0 0 1 F 1.570796326794965836 F 3.14159265358979134 #
-900 point $-1 -0.09711620562562273129 0.002099999999999852852 0 #
-901 coedge $-1 $758 $1019 $1020 $1021 reversed $123 $-1 #
-902 coedge $-1 $771 $770 $758 $903 forward $772 $-1 #
-903 edge $-1 $904 4.712388980357271606 $1022 5.497787143782164598 $902 $1023 forward 7 unknown #
-904 vertex $-1 $760 $1024 #
-905 straight-curve $-1 -0.09796975901622288763 0.007500000000000409985 0 -1 -0 -0 F -0.0006035533906001860384 F 0 #
-906 point $-1 -0.097366205625622676 0.00750000000000040478 0 #
-907 string_attrib-name_attrib-gen-attrib $-1 $-1 $-1 $765 keep keep_kept ignore 17 ATTRIB_XACIS_NAME 4 NONE #
-908 face $1025 $1026 $915 $4 $-1 $1027 reversed single #
-909 cone-surface $-1 -0.09796975901623659888 0.00700000000000038005 1 0 0 -1 -0.000500000000000027007 0 0 1 F -3.141592653589793116 F 3.141592653589793116 0 1 1 forward I I I I #
-910 coedge $-1 $1028 $767 $1029 $1030 forward $41 $-1 #
-911 coedge $-1 $1031 $1032 $767 $912 reversed $1033 $-1 #
-912 edge $-1 $916 0.7853981633974296273 $1034 3.141592653416072967 $911 $1035 forward 7 unknown #
-913 coedge $-1 $1020 $768 $771 $918 forward $915 $-1 #
-914 coedge $-1 $768 $1020 $1031 $1036 reversed $915 $-1 #
-915 loop $-1 $-1 $1020 $908 #
-916 vertex $-1 $1036 $1037 #
-917 straight-curve $-1 -0.09832331240682989915 0.007353553390593660366 0.1499999999999999944 -0.7071067811865475727 -0.7071067811865475727 0 F 0 F 0.001469848480954362002 #
-918 edge $-1 $773 -1 $1022 -0.8499999999999999778 $771 $1038 forward 7 unknown #
-919 point $-1 -0.09832331240682989915 0.007353553390593663835 0.1500000000000000222 #
-920 straight-curve $-1 -0.09796975901622288763 0.007500000000000409985 1 0 0 -1 F 0.8499999999999999778 F 1 #
-921 coedge $-1 $1014 $778 $997 $1039 forward $923 $-1 #
-922 coedge $-1 $778 $1014 $780 $926 reversed $923 $-1 #
-923 loop $-1 $-1 $1014 $1040 #
-924 vertex $-1 $1039 $1041 #
-925 ellipse-curve $-1 -0.0980162056256227987 0.002099999999999864995 0.1499999999999999944 0 0 1 0.0005000000000000239713 0 -0 1 F 3.141592653589794892 F 4.712388980384689674 #
-926 edge $-1 $783 -1 $1016 -0.8499999999999999778 $922 $1042 forward 7 unknown #
-927 face $1043 $786 $782 $4 $-1 $1044 reversed single #
-928 point $-1 -0.0980162056256227987 0.001599999999999840699 0.1500000000000000222 #
-929 straight-curve $-1 -0.09761620562562273173 0.001599999999999840048 -0.8500000000000000888 -0 0 -1 F -1 F -0.8499999999999999778 #
-930 string_attrib-name_attrib-gen-attrib $-1 $-1 $-1 $786 keep keep_kept ignore 17 ATTRIB_XACIS_NAME 4 NONE #
-931 cone-surface $-1 -0.09761620562562280112 0.002099999999999864995 1 0 0 -1 -0.0005000000000000239713 0 0 1 F -3.141592653589793116 F 3.141592653589793116 0 1 1 forward I I I I #
-932 straight-curve $-1 -0.09796975901623640459 -0.007500000000000089928 0.1499999999999999944 1 0 -0 F 0 F 0.0006035533906135900298 #
-933 point $-1 -0.09796975901623640459 -0.007500000000000103806 0.1499999999999999667 #
-934 coedge $-1 $796 $1045 $1046 $1047 forward $41 $-1 #
-935 coedge $-1 $1048 $1049 $796 $936 reversed $1050 $-1 #
-936 edge $-1 $1051 0 $940 1.570796326794896558 $935 $1052 forward 7 unknown #
-937 coedge $-1 $823 $797 $1049 $1053 forward $939 $-1 #
-938 coedge $-1 $797 $823 $799 $942 reversed $939 $-1 #
-939 loop $-1 $-1 $823 $1054 #
-940 vertex $-1 $1053 $1055 #
-941 straight-curve $-1 -0.1019162056256229937 -0.006100000000000129624 0.1499999999999999944 -1 0 0 F 0 F 0.0005999999999999340279 #
-942 edge $-1 $802 0.8499999999999999778 $825 1 $938 $1056 forward 7 unknown #
-943 face $1057 $805 $801 $4 $-1 $1058 forward single #
-944 point $-1 -0.1025162056256229415 -0.006100000000000131359 0.1500000000000000777 #
-945 straight-curve $-1 -0.1030162056256229974 -0.006600000000000160426 1 0 0 -1 F 0.8499999999999999778 F 1 #
-946 string_attrib-name_attrib-gen-attrib $-1 $-1 $-1 $805 keep keep_kept ignore 17 ATTRIB_XACIS_NAME 4 NONE #
-947 plane-surface $-1 -0.1030162056256229974 -0.006600000000000160426 1 1 0 0 0 0 -1 forward_v F 0.8499999999999999778 F 1 F -0.0004000000000000509767 F 0 #
-948 vertex $-1 $816 $1059 #
-949 ellipse-curve $-1 -0.09736620562562270376 -0.007250000000000000368 0 0 0 1 -0.0002500000000000989929 0 0 1 F 1.570796326794756226 F 3.141592653589756257 #
-950 straight-curve $-1 -0.09736620562562278702 -0.007500000000000089928 -0.8500000000000000888 -0 0 -1 F -1 F -0.8499999999999999778 #
-951 point $-1 -0.09736620562562275927 -0.007500000000000095132 0 #
-952 coedge $-1 $1060 $822 $1061 $1062 reversed $123 $-1 #
-953 coedge $-1 $1049 $1048 $822 $954 forward $1050 $-1 #
-954 edge $-1 $1063 3.141592653589794892 $955 4.712388980384510262 $953 $1064 forward 7 unknown #
-955 vertex $-1 $954 $1065 #
-956 straight-curve $-1 -0.1025162056256228998 -0.006100000000000129624 0 -1 -0 -0 F -0.0005999999999999089829 F 0 #
-957 point $-1 -0.1025162056256229415 -0.006100000000000131359 0 #
-958 straight-curve $-1 -0.09711620562562260639 -0.007250000000000000368 0 0 1 0 F 0 F 0.0006035533906001330209 #
-959 point $-1 -0.09711620562562262027 -0.006646446609396658434 0 #
-960 coedge $-1 $832 $1066 $1067 $1068 reversed $123 $-1 #
-961 coedge $-1 $845 $844 $832 $962 forward $846 $-1 #
-962 edge $-1 $963 -0.0004000000000000679986 $1069 0 $961 $1070 forward 7 unknown #
-963 vertex $-1 $834 $1071 #
-964 ellipse-curve $-1 -0.09761620562562280112 -0.002099999999999829867 0 0 0 1 -0.0005000000000000000104 0 0 1 F 3.141592653589755813 F 4.712388980384690562 #
-965 point $-1 -0.09711620562562275905 -0.002099999999999852419 0 #
-966 string_attrib-name_attrib-gen-attrib $-1 $-1 $-1 $839 keep keep_kept ignore 17 ATTRIB_XACIS_NAME 4 NONE #
-967 face $1072 $1073 $973 $4 $-1 $1074 forward single #
-968 plane-surface $-1 -0.09761620562562280112 -0.001599999999999830074 1 0 -1 0 0 0 -1 forward_v F 0.8499999999999999778 F 1 F -0.0004000000000000679986 F 0 #
-969 coedge $-1 $1075 $1076 $841 $970 reversed $1077 $-1 #
-970 edge $-1 $974 0 $1006 0.0005999999999998390518 $969 $1078 forward 7 unknown #
-971 coedge $-1 $1067 $842 $845 $976 forward $973 $-1 #
-972 coedge $-1 $842 $1067 $1075 $1079 reversed $973 $-1 #
-973 loop $-1 $-1 $1067 $967 #
-974 vertex $-1 $1079 $1080 #
-975 ellipse-curve $-1 -0.0980162056256227987 -0.002099999999999864995 0.1499999999999999944 0 0 1 0.0005000000000000329702 0 -0 1 F 1.570796326794980047 F 3.141592653589794892 #
-976 edge $-1 $847 0.8499999999999999778 $1069 1 $845 $1081 forward 7 unknown #
-977 point $-1 -0.09801620562562285421 -0.001599999999999831158 0.1500000000000000222 #
-978 straight-curve $-1 -0.09761620562562280112 -0.001599999999999830074 1 0 0 -1 F 0.8499999999999999778 F 1 #
-979 point $-1 -0.09736620562562278702 -0.007500000000000095132 0.1499999999999999667 #
-980 straight-curve $-1 -0.09711620562562260639 -0.007250000000000000368 -0.8500000000000000888 -0 -0 -1 F -1 F -0.8499999999999999778 #
-981 coedge $-1 $1066 $857 $1082 $1083 reversed $123 $-1 #
-982 coedge $-1 $885 $884 $857 $983 forward $886 $-1 #
-983 edge $-1 $1084 -0.002099663410301575144 $984 0 $982 $1085 forward 7 unknown #
-984 vertex $-1 $983 $1086 #
-985 ellipse-curve $-1 -0.1008158690359241966 -0.002400000000000129894 0 0 0 -1 -0.0004999999999998780377 0 0 1 F 4.712388980384689674 F 6.062691545728640108 #
-986 point $-1 -0.1013037638244229377 -0.002509355728499912744 0 #
-987 coedge $-1 $863 $895 $1087 $1088 reversed $123 $-1 #
-988 coedge $-1 $875 $874 $863 $989 forward $876 $-1 #
-989 edge $-1 $990 1.570796326794895004 $1089 3.141592653589794892 $988 $1090 forward 7 unknown #
-990 vertex $-1 $865 $1091 #
-991 straight-curve $-1 -0.1008158690359230031 0.002900000000000054878 0 1 0 0 F 0 F 0.002099663410299824808 #
-992 point $-1 -0.1008158690359229614 0.002900000000000057046 0 #
-993 string_attrib-name_attrib-gen-attrib $-1 $-1 $-1 $870 keep keep_kept ignore 17 ATTRIB_XACIS_NAME 4 NONE #
-994 face $1092 $1040 $998 $4 $-1 $1093 reversed single #
-995 cone-surface $-1 -0.09871620562562309631 0.002699999999999739934 1 0 0 -1 -0.0002000000000003135066 0 0 1 F -3.141592653589793116 F 3.141592653589793116 0 1 1 forward I I I I #
-996 coedge $-1 $1087 $872 $875 $1000 forward $998 $-1 #
-997 coedge $-1 $872 $1087 $921 $1039 reversed $998 $-1 #
-998 loop $-1 $-1 $1087 $994 #
-999 straight-curve $-1 -0.09851620562562279915 0.002699999999999739934 0.1499999999999999944 0 -1 0 F 0 F 0.0005999999999998750473 #
-1000 edge $-1 $877 0.8499999999999999778 $1089 1 $875 $1094 forward 7 unknown #
-1001 point $-1 -0.09851620562562279915 0.002699999999999739934 0.1500000000000000222 #
-1002 straight-curve $-1 -0.09871620562562317958 0.002900000000000054878 -0.8500000000000000888 -0 0 -1 F -1 F -0.8499999999999999778 #
-1003 coedge $-1 $1082 $882 $1076 $1095 forward $1005 $-1 #
-1004 coedge $-1 $882 $1082 $884 $1008 reversed $1005 $-1 #
-1005 loop $-1 $-1 $1082 $1096 #
-1006 vertex $-1 $1095 $1097 #
-1007 ellipse-curve $-1 -0.09871620562562309631 -0.002699999999999704806 0.1499999999999999944 -0 0 -1 0.0002000000000003049957 0 -0 1 F 0 F 1.570796326792399 #
-1008 edge $-1 $887 0.8499999999999999778 $1084 1 $1004 $1098 forward 7 unknown #
-1009 face $1099 $890 $886 $4 $-1 $1100 reversed single #
-1010 point $-1 -0.09871620562562261059 -0.002900000000000005004 0.1500000000000000222 #
-1011 straight-curve $-1 -0.1008158690359241688 -0.0028999999999999998 1 0 0 -1 F 0.8499999999999999778 F 1 #
-1012 string_attrib-name_attrib-gen-attrib $-1 $-1 $-1 $890 keep keep_kept ignore 17 ATTRIB_XACIS_NAME 4 NONE #
-1013 cone-surface $-1 -0.1008158690359241966 -0.002400000000000129894 1 0 0 -1 -0.0004999999999998780377 0 0 1 F -3.141592653589793116 F 3.141592653589793116 0 1 1 forward I I I I #
-1014 coedge $-1 $922 $921 $895 $1015 forward $923 $-1 #
-1015 edge $-1 $1101 0 $1016 1.570796326794900111 $1014 $1102 forward 7 unknown #
-1016 vertex $-1 $1015 $1103 #
-1017 straight-curve $-1 -0.0980162056256227987 0.001599999999999840048 0 1 0 0 F 0 F 0.0004000000000000679986 #
-1018 point $-1 -0.09761620562562273173 0.001599999999999840699 0 #
-1019 coedge $-1 $901 $1104 $1105 $1106 reversed $123 $-1 #
-1020 coedge $-1 $914 $913 $901 $1021 forward $915 $-1 #
-1021 edge $-1 $1022 -0.001469848480954370025 $1107 0 $1020 $1108 forward 7 unknown #
-1022 vertex $-1 $903 $1109 #
-1023 ellipse-curve $-1 -0.09796975901623659888 0.00700000000000038005 0 0 0 1 -0.000500000000000027007 0 0 1 F 4.712388980357271606 F 5.497787143782164598 #
-1024 point $-1 -0.09796975901622287375 0.00750000000000040478 0 #
-1025 string_attrib-name_attrib-gen-attrib $-1 $-1 $-1 $908 keep keep_kept ignore 17 ATTRIB_XACIS_NAME 4 NONE #
-1026 face $1110 $1111 $1033 $4 $-1 $1112 reversed single #
-1027 plane-surface $-1 -0.09832331240682989915 0.007353553390593660366 1 0.7071067811865475727 -0.7071067811865475727 0 0.7071067811865475727 0.7071067811865475727 0 forward_v F -0.001469848480954370025 F 0 F -1 F -0.8499999999999999778 #
-1028 coedge $-1 $1113 $910 $1114 $1115 forward $41 $-1 #
-1029 coedge $-1 $1116 $1117 $910 $1030 reversed $1118 $-1 #
-1030 edge $-1 $1034 0 $1119 0.000332233047100097018 $1029 $1120 forward 7 unknown #
-1031 coedge $-1 $1105 $911 $914 $1036 forward $1033 $-1 #
-1032 coedge $-1 $911 $1105 $1116 $1121 reversed $1033 $-1 #
-1033 loop $-1 $-1 $1105 $1026 #
-1034 vertex $-1 $1121 $1122 #
-1035 ellipse-curve $-1 -0.0997162056256225976 0.006667766952987270145 0.1499999999999999944 -0 0 -1 0.0004999999999998960354 0 -0 1 F 0.7853981633974296273 F 3.141592653416072967 #
-1036 edge $-1 $916 -1 $1107 -0.8499999999999999778 $914 $1123 forward 7 unknown #
-1037 point $-1 -0.09936265223502943611 0.006314213562394080902 0.1499999999999999667 #
-1038 straight-curve $-1 -0.09832331240682989915 0.007353553390593660366 -0.8500000000000000888 -0 -0 -1 F -1 F -0.8499999999999999778 #
-1039 edge $-1 $924 0.8499999999999999778 $1101 1 $997 $1124 forward 7 unknown #
-1040 face $1125 $927 $923 $4 $-1 $1126 forward single #
-1041 point $-1 -0.09851620562562281302 0.002099999999999865429 0.1500000000000000777 #
-1042 straight-curve $-1 -0.0980162056256227987 0.001599999999999840048 -0.8500000000000000888 -0 0 -1 F -1 F -0.8499999999999999778 #
-1043 string_attrib-name_attrib-gen-attrib $-1 $-1 $-1 $927 keep keep_kept ignore 17 ATTRIB_XACIS_NAME 4 NONE #
-1044 plane-surface $-1 -0.0980162056256227987 0.001599999999999840048 1 0 1 0 0 -0 1 forward_v F -1 F -0.8499999999999999778 F 0 F 0.0004000000000000679986 #
-1045 coedge $-1 $934 $1127 $1128 $1129 forward $41 $-1 #
-1046 coedge $-1 $1130 $1131 $934 $1047 reversed $1132 $-1 #
-1047 edge $-1 $1133 0 $1051 0.002099663410300314868 $1046 $1134 forward 7 unknown #
-1048 coedge $-1 $953 $935 $1131 $1135 forward $1050 $-1 #
-1049 coedge $-1 $935 $953 $937 $1053 reversed $1050 $-1 #
-1050 loop $-1 $-1 $953 $1136 #
-1051 vertex $-1 $1135 $1137 #
-1052 ellipse-curve $-1 -0.1019162056256229937 -0.00590000000000007966 0.1499999999999999944 -0 0 -1 0.0002000000000000425103 0 -0 1 F 0 F 1.570796326794896558 #
-1053 edge $-1 $940 0.8499999999999999778 $955 1 $1049 $1138 forward 7 unknown #
-1054 face $1139 $943 $939 $4 $-1 $1140 reversed single #
-1055 point $-1 -0.1019162056256229798 -0.006100000000000126155 0.1500000000000000777 #
-1056 straight-curve $-1 -0.1025162056256228998 -0.006100000000000129624 1 0 0 -1 F 0.8499999999999999778 F 1 #
-1057 string_attrib-name_attrib-gen-attrib $-1 $-1 $-1 $943 keep keep_kept ignore 17 ATTRIB_XACIS_NAME 4 NONE #
-1058 cone-surface $-1 -0.102516205625622997 -0.006600000000000139609 1 0 0 -1 -0.0005000000000000059735 0 0 1 F -3.141592653589793116 F 3.141592653589793116 0 1 1 forward I I I I #
-1059 point $-1 -0.09711620562562262027 -0.007250000000000004705 0 #
-1060 coedge $-1 $1141 $952 $1142 $1143 reversed $123 $-1 #
-1061 coedge $-1 $1131 $1130 $952 $1062 forward $1132 $-1 #
-1062 edge $-1 $1144 -0.002099663410300314868 $1063 0 $1061 $1145 forward 7 unknown #
-1063 vertex $-1 $1062 $1146 #
-1064 ellipse-curve $-1 -0.1019162056256229937 -0.00590000000000007966 0 0 0 -1 -0.0002000000000000425103 0 0 1 F 3.141592653589794892 F 4.712388980384510262 #
-1065 point $-1 -0.1019162056256230076 -0.006100000000000126155 0 #
-1066 coedge $-1 $960 $981 $1147 $1148 reversed $123 $-1 #
-1067 coedge $-1 $972 $971 $960 $1068 forward $973 $-1 #
-1068 edge $-1 $1069 4.712388980384760728 $1149 6.283185307179586232 $1067 $1150 forward 7 unknown #
-1069 vertex $-1 $962 $1151 #
-1070 straight-curve $-1 -0.09801620562562286809 -0.001599999999999830074 0 -1 -0 -0 F -0.0004000000000000679986 F 0 #
-1071 point $-1 -0.09761620562562275949 -0.001599999999999829857 0 #
-1072 string_attrib-name_attrib-gen-attrib $-1 $-1 $-1 $967 keep keep_kept ignore 17 ATTRIB_XACIS_NAME 4 NONE #
-1073 face $1152 $1096 $1077 $4 $-1 $1153 reversed single #
-1074 cone-surface $-1 -0.0980162056256227987 -0.002099999999999864995 1 0 0 -1 -0.0005000000000000329702 0 0 1 F -3.141592653589793116 F 3.141592653589793116 0 1 1 forward I I I I #
-1075 coedge $-1 $1147 $969 $972 $1079 forward $1077 $-1 #
-1076 coedge $-1 $969 $1147 $1003 $1095 reversed $1077 $-1 #
-1077 loop $-1 $-1 $1147 $1073 #
-1078 straight-curve $-1 -0.09851620562562279915 -0.002099999999999864995 0.1499999999999999944 0 -1 0 F 0 F 0.0005999999999998390518 #
-1079 edge $-1 $974 0.8499999999999999778 $1149 1 $972 $1154 forward 7 unknown #
-1080 point $-1 -0.09851620562562281302 -0.002099999999999865429 0.1500000000000000222 #
-1081 straight-curve $-1 -0.09801620562562286809 -0.001599999999999830074 1 0 0 -1 F 0.8499999999999999778 F 1 #
-1082 coedge $-1 $1004 $1003 $981 $1083 forward $1005 $-1 #
-1083 edge $-1 $1155 3.141592653589794892 $1084 4.712388980382420378 $1082 $1156 forward 7 unknown #
-1084 vertex $-1 $1083 $1157 #
-1085 straight-curve $-1 -0.1008158690359241688 -0.0028999999999999998 0 -1 -0 -0 F -0.002099663410301575144 F 0 #
-1086 point $-1 -0.1008158690359241966 -0.002900000000000004137 0 #
-1087 coedge $-1 $997 $996 $987 $1088 forward $998 $-1 #
-1088 edge $-1 $1089 -0.0005999999999998739631 $1101 0 $1087 $1158 forward 7 unknown #
-1089 vertex $-1 $989 $1159 #
-1090 ellipse-curve $-1 -0.09871620562562309631 0.002699999999999739934 0 0 0 -1 -0.0002000000000003135066 0 0 1 F 1.570796326794895004 F 3.141592653589794892 #
-1091 point $-1 -0.09871620562562313794 0.002900000000000056612 0 #
-1092 string_attrib-name_attrib-gen-attrib $-1 $-1 $-1 $994 keep keep_kept ignore 17 ATTRIB_XACIS_NAME 4 NONE #
-1093 plane-surface $-1 -0.09851620562562279915 0.002699999999999739934 1 1 0 0 0 0 -1 forward_v F 0.8499999999999999778 F 1 F -0.0005999999999998749389 F 0 #
-1094 straight-curve $-1 -0.09851620562562279915 0.002699999999999739934 1 0 0 -1 F 0.8499999999999999778 F 1 #
-1095 edge $-1 $1006 0.8499999999999999778 $1155 1 $1076 $1160 forward 7 unknown #
-1096 face $1161 $1009 $1005 $4 $-1 $1162 reversed single #
-1097 point $-1 -0.09851620562562279915 -0.002699999999999704373 0.1499999999999999667 #
-1098 straight-curve $-1 -0.09871620562562259671 -0.0028999999999999998 1 0 0 -1 F 0.8499999999999999778 F 1 #
-1099 string_attrib-name_attrib-gen-attrib $-1 $-1 $-1 $1009 keep keep_kept ignore 17 ATTRIB_XACIS_NAME 4 NONE #
-1100 plane-surface $-1 -0.09871620562562259671 -0.0028999999999999998 1 0 -1 0 0 0 -1 forward_v F 0.8499999999999999778 F 1 F -0.002099663410301599864 F 0 #
-1101 vertex $-1 $1088 $1163 #
-1102 ellipse-curve $-1 -0.0980162056256227987 0.002099999999999864995 0 0 0 1 -0.0005000000000000239713 0 0 1 F 0 F 1.570796326794900111 #
-1103 point $-1 -0.09801620562562278482 0.001599999999999840699 0 #
-1104 coedge $-1 $1019 $1164 $1165 $1166 reversed $123 $-1 #
-1105 coedge $-1 $1032 $1031 $1019 $1106 forward $1033 $-1 #
-1106 edge $-1 $1107 3.926990816987215194 $1167 6.283185307005870079 $1105 $1168 forward 7 unknown #
-1107 vertex $-1 $1021 $1169 #
-1108 straight-curve $-1 -0.09936265223502947774 0.006314213562394079167 0 -0.7071067811865475727 -0.7071067811865475727 -0 F -0.001469848480954370025 F 0 #
-1109 point $-1 -0.09832331240682987139 0.007353553390593662101 0 #
-1110 string_attrib-name_attrib-gen-attrib $-1 $-1 $-1 $1026 keep keep_kept ignore 17 ATTRIB_XACIS_NAME 4 NONE #
-1111 face $1170 $1171 $1118 $4 $-1 $1172 reversed single #
-1112 cone-surface $-1 -0.0997162056256225976 0.006667766952987270145 1 0 0 -1 -0.0004999999999998960354 0 0 1 F -3.141592653589793116 F 3.141592653589793116 0 1 1 forward I I I I #
-1113 coedge $-1 $1173 $1028 $1174 $1175 forward $41 $-1 #
-1114 coedge $-1 $1176 $1177 $1028 $1115 reversed $1178 $-1 #
-1115 edge $-1 $1119 7.112366251504510239e-14 $1179 1.570796326794895004 $1114 $1180 forward 7 unknown #
-1116 coedge $-1 $1165 $1029 $1032 $1121 forward $1118 $-1 #
-1117 coedge $-1 $1029 $1165 $1176 $1181 reversed $1118 $-1 #
-1118 loop $-1 $-1 $1165 $1111 #
-1119 vertex $-1 $1181 $1182 #
-1120 straight-curve $-1 -0.100216205625622598 0.006667766952900409938 0.1499999999999999944 0 1 0 F 0 F 0.000332233047100097018 #
-1121 edge $-1 $1034 -1 $1167 -0.8499999999999999778 $1032 $1183 forward 7 unknown #
-1122 point $-1 -0.1002162056256225425 0.006667766952900410805 0.1499999999999999667 #
-1123 straight-curve $-1 -0.09936265223502947774 0.006314213562394079167 -0.8500000000000000888 -0 -0 -1 F -1 F -0.8499999999999999778 #
-1124 straight-curve $-1 -0.09851620562562279915 0.002099999999999865863 1 0 0 -1 F 0.8499999999999999778 F 1 #
-1125 string_attrib-name_attrib-gen-attrib $-1 $-1 $-1 $1040 keep keep_kept ignore 17 ATTRIB_XACIS_NAME 4 NONE #
-1126 cone-surface $-1 -0.0980162056256227987 0.002099999999999864995 1 0 0 -1 -0.0005000000000000239713 0 0 1 F -3.141592653589793116 F 3.141592653589793116 0 1 1 forward I I I I #
-1127 coedge $-1 $1045 $1184 $1185 $1186 forward $41 $-1 #
-1128 coedge $-1 $1187 $1188 $1045 $1129 reversed $1189 $-1 #
-1129 edge $-1 $1190 4.932882741744892385 $1133 6.283185307179586232 $1128 $1191 forward 7 unknown #
-1130 coedge $-1 $1061 $1046 $1188 $1192 forward $1132 $-1 #
-1131 coedge $-1 $1046 $1061 $1048 $1135 reversed $1132 $-1 #
-1132 loop $-1 $-1 $1061 $1193 #
-1133 vertex $-1 $1192 $1194 #
-1134 straight-curve $-1 -0.1017162056256230018 -0.003800336589699764792 0.1499999999999999944 0 -1 0 F 0 F 0.002099663410300314868 #
-1135 edge $-1 $1051 0.8499999999999999778 $1063 1 $1131 $1195 forward 7 unknown #
-1136 face $1196 $1054 $1050 $4 $-1 $1197 reversed single #
-1137 point $-1 -0.1017162056256229741 -0.00590000000000007966 0.1499999999999999667 #
-1138 straight-curve $-1 -0.1019162056256229937 -0.006100000000000129624 1 0 0 -1 F 0.8499999999999999778 F 1 #
-1139 string_attrib-name_attrib-gen-attrib $-1 $-1 $-1 $1054 keep keep_kept ignore 17 ATTRIB_XACIS_NAME 4 NONE #
-1140 plane-surface $-1 -0.1019162056256229937 -0.006100000000000129624 1 0 -1 0 0 0 -1 forward_v F 0.8499999999999999778 F 1 F -0.0005999999999999339195 F 0 #
-1141 coedge $-1 $1198 $1060 $1199 $1200 reversed $123 $-1 #
-1142 coedge $-1 $1188 $1187 $1060 $1143 forward $1189 $-1 #
-1143 edge $-1 $1201 1.791290088154940063 $1144 3.141592653546750213 $1142 $1202 forward 7 unknown #
-1144 vertex $-1 $1143 $1203 #
-1145 straight-curve $-1 -0.1017162056256230018 -0.00590000000000007966 0 0 -1 -0 F -0.002099663410300314868 F 0 #
-1146 point $-1 -0.1017162056256230018 -0.00590000000000007966 0 #
-1147 coedge $-1 $1076 $1075 $1066 $1148 forward $1077 $-1 #
-1148 edge $-1 $1149 -0.0005999999999998390518 $1155 0 $1147 $1204 forward 7 unknown #
-1149 vertex $-1 $1068 $1205 #
-1150 ellipse-curve $-1 -0.0980162056256227987 -0.002099999999999864995 0 0 0 1 -0.0005000000000000329702 0 0 1 F 4.712388980384760728 F 6.283185307179586232 #
-1151 point $-1 -0.09801620562562284034 -0.001599999999999830941 0 #
-1152 string_attrib-name_attrib-gen-attrib $-1 $-1 $-1 $1073 keep keep_kept ignore 17 ATTRIB_XACIS_NAME 4 NONE #
-1153 plane-surface $-1 -0.09851620562562279915 -0.002099999999999864995 1 1 0 0 0 0 -1 forward_v F 0.8499999999999999778 F 1 F -0.0005999999999998390518 F 0 #
-1154 straight-curve $-1 -0.09851620562562279915 -0.002099999999999864995 1 0 0 -1 F 0.8499999999999999778 F 1 #
-1155 vertex $-1 $1148 $1206 #
-1156 ellipse-curve $-1 -0.09871620562562309631 -0.002699999999999704806 0 0 0 -1 -0.0002000000000003049957 0 0 1 F 3.141592653589794892 F 4.712388980382420378 #
-1157 point $-1 -0.09871620562562262446 -0.002900000000000005004 0 #
-1158 straight-curve $-1 -0.09851620562562279915 0.002099999999999865863 0 0 -1 -0 F -0.0005999999999998739631 F 0 #
-1159 point $-1 -0.09851620562562279915 0.002699999999999790241 0 #
-1160 straight-curve $-1 -0.09851620562562279915 -0.002699999999999703939 1 0 0 -1 F 0.8499999999999999778 F 1 #
-1161 string_attrib-name_attrib-gen-attrib $-1 $-1 $-1 $1096 keep keep_kept ignore 17 ATTRIB_XACIS_NAME 4 NONE #
-1162 cone-surface $-1 -0.09871620562562309631 -0.002699999999999704806 1 0 0 -1 -0.0002000000000003049957 0 0 1 F -3.141592653589793116 F 3.141592653589793116 0 1 1 forward I I I I #
-1163 point $-1 -0.09851620562562281302 0.00209999999999985372 0 #
-1164 coedge $-1 $1104 $1207 $1208 $1209 reversed $123 $-1 #
-1165 coedge $-1 $1117 $1116 $1104 $1166 forward $1118 $-1 #
-1166 edge $-1 $1167 0 $1210 0.0003322330471001314956 $1165 $1211 forward 7 unknown #
-1167 vertex $-1 $1106 $1212 #
-1168 ellipse-curve $-1 -0.0997162056256225976 0.006667766952987270145 0 0 0 -1 -0.0004999999999998960354 0 0 1 F 3.926990816987215194 F 6.283185307005870079 #
-1169 point $-1 -0.09936265223502943611 0.006314213562394080034 0 #
-1170 string_attrib-name_attrib-gen-attrib $-1 $-1 $-1 $1111 keep keep_kept ignore 17 ATTRIB_XACIS_NAME 4 NONE #
-1171 face $1213 $1214 $1178 $4 $-1 $1215 forward single #
-1172 plane-surface $-1 -0.100216205625622598 0.006667766952900409938 1 -1 0 0 0 0 1 forward_v F -1 F -0.8499999999999999778 F 0 F 0.0003322330471001314956 #
-1173 coedge $-1 $1216 $1113 $1217 $1218 forward $41 $-1 #
-1174 coedge $-1 $1219 $1220 $1113 $1175 reversed $1221 $-1 #
-1175 edge $-1 $1179 0 $1222 0.001800000000000135042 $1174 $1223 forward 7 unknown #
-1176 coedge $-1 $1208 $1114 $1117 $1181 forward $1178 $-1 #
-1177 coedge $-1 $1114 $1208 $1219 $1224 reversed $1178 $-1 #
-1178 loop $-1 $-1 $1208 $1171 #
-1179 vertex $-1 $1224 $1225 #
-1180 ellipse-curve $-1 -0.1007162056256225985 0.007000000000000479797 0.1499999999999999944 0 0 1 0.0005000000000000239713 0 -0 1 F 7.112366251504510239e-14 F 1.570796326794895004 #
-1181 edge $-1 $1119 -1 $1210 -0.8499999999999999778 $1117 $1226 forward 7 unknown #
-1182 point $-1 -0.1002162056256225842 0.007000000000000524032 0.1499999999999999667 #
-1183 straight-curve $-1 -0.100216205625622598 0.006667766952900409938 -0.8500000000000000888 -0 -0 -1 F -1 F -0.8499999999999999778 #
-1184 coedge $-1 $1127 $1227 $1228 $1229 forward $41 $-1 #
-1185 coedge $-1 $1230 $1231 $1127 $1186 reversed $1232 $-1 #
-1186 edge $-1 $1233 0 $1190 0.001565499423048330018 $1185 $1234 forward 7 unknown #
-1187 coedge $-1 $1142 $1128 $1231 $1235 forward $1189 $-1 #
-1188 coedge $-1 $1128 $1142 $1130 $1192 reversed $1189 $-1 #
-1189 loop $-1 $-1 $1142 $1236 #
-1190 vertex $-1 $1235 $1237 #
-1191 ellipse-curve $-1 -0.1022162056256234047 -0.003800336589721290109 0.1499999999999999944 -0 0 -1 0.0005000000000003159469 0 -0 1 F 4.932882741744892385 F 6.283185307179586232 #
-1192 edge $-1 $1133 0.8499999999999999778 $1144 1 $1188 $1238 forward 7 unknown #
-1193 face $1239 $1136 $1132 $4 $-1 $1240 reversed single #
-1194 point $-1 -0.1017162056256230435 -0.003800336589710529185 0.1500000000000000222 #
-1195 straight-curve $-1 -0.1017162056256230018 -0.00590000000000007966 1 0 0 -1 F 0.8499999999999999778 F 1 #
-1196 string_attrib-name_attrib-gen-attrib $-1 $-1 $-1 $1136 keep keep_kept ignore 17 ATTRIB_XACIS_NAME 4 NONE #
-1197 cone-surface $-1 -0.1019162056256229937 -0.00590000000000007966 1 0 0 -1 -0.0002000000000000425103 0 0 1 F -3.141592653589793116 F 3.141592653589793116 0 1 1 forward I I I I #
-1198 coedge $-1 $1241 $1141 $1242 $1243 reversed $123 $-1 #
-1199 coedge $-1 $1231 $1230 $1141 $1200 forward $1232 $-1 #
-1200 edge $-1 $1244 -0.001565499423048300094 $1201 0 $1199 $1245 forward 7 unknown #
-1201 vertex $-1 $1200 $1246 #
-1202 ellipse-curve $-1 -0.1022162056256234047 -0.003800336589721290109 0 0 0 -1 -0.0005000000000003159469 0 0 1 F 1.791290088154940063 F 3.141592653546750213 #
-1203 point $-1 -0.1017162056256230435 -0.003800336589699764359 0 #
-1204 straight-curve $-1 -0.09851620562562279915 -0.002699999999999703939 0 0 -1 -0 F -0.0005999999999998390518 F 0 #
-1205 point $-1 -0.09851620562562281302 -0.002099999999999862393 0 #
-1206 point $-1 -0.09851620562562279915 -0.002699999999999702638 0 #
-1207 coedge $-1 $1164 $1247 $1248 $1249 reversed $123 $-1 #
-1208 coedge $-1 $1177 $1176 $1164 $1209 forward $1178 $-1 #
-1209 edge $-1 $1210 3.141592653589860618 $1250 4.712388980384690562 $1208 $1251 forward 7 unknown #
-1210 vertex $-1 $1166 $1252 #
-1211 straight-curve $-1 -0.100216205625622598 0.006667766952900409938 0 0 1 0 F 0 F 0.0003322330471001314956 #
-1212 point $-1 -0.1002162056256225425 0.006667766952900415142 0 #
-1213 string_attrib-name_attrib-gen-attrib $-1 $-1 $-1 $1171 keep keep_kept ignore 17 ATTRIB_XACIS_NAME 4 NONE #
-1214 face $1253 $1254 $1221 $4 $-1 $1255 reversed single #
-1215 cone-surface $-1 -0.1007162056256225985 0.007000000000000479797 1 0 0 -1 -0.0005000000000000239713 0 0 1 F -3.141592653589793116 F 3.141592653589793116 0 1 1 forward I I I I #
-1216 coedge $-1 $1256 $1173 $1257 $1258 forward $41 $-1 #
-1217 coedge $-1 $1259 $1260 $1173 $1218 reversed $1261 $-1 #
-1218 edge $-1 $1222 1.570796326794895004 $1262 3.141592653589794892 $1217 $1263 forward 7 unknown #
-1219 coedge $-1 $1248 $1174 $1177 $1224 forward $1221 $-1 #
-1220 coedge $-1 $1174 $1248 $1259 $1264 reversed $1221 $-1 #
-1221 loop $-1 $-1 $1248 $1214 #
-1222 vertex $-1 $1264 $1265 #
-1223 straight-curve $-1 -0.1007162056256225985 0.00750000000000050019 0.1499999999999999944 -1 0 0 F 0 F 0.001800000000000135042 #
-1224 edge $-1 $1179 0.8499999999999999778 $1250 1 $1177 $1266 forward 7 unknown #
-1225 point $-1 -0.1007162056256225985 0.007500000000000501925 0.1500000000000000222 #
-1226 straight-curve $-1 -0.100216205625622598 0.007000000000000541379 -0.8500000000000000888 -0 -0 -1 F -1 F -0.8499999999999999778 #
-1227 coedge $-1 $1184 $1267 $1268 $1269 forward $41 $-1 #
-1228 coedge $-1 $1270 $1271 $1184 $1229 reversed $1272 $-1 #
-1229 edge $-1 $1273 3.141592653587609973 $1233 4.491895219024504726 $1228 $1274 forward 7 unknown #
-1230 coedge $-1 $1199 $1185 $1271 $1275 forward $1232 $-1 #
-1231 coedge $-1 $1185 $1199 $1187 $1235 reversed $1232 $-1 #
-1232 loop $-1 $-1 $1199 $1276 #
-1233 vertex $-1 $1275 $1277 #
-1234 straight-curve $-1 -0.1036344479170051985 -0.002970049141604160035 0.1499999999999999944 0.9757895770174568328 -0.2187114569109099571 0 F 0 F 0.001565499423048330018 #
-1235 edge $-1 $1190 -1 $1201 -0.8499999999999999778 $1231 $1278 forward 7 unknown #
-1236 face $1279 $1193 $1189 $4 $-1 $1280 reversed single #
-1237 point $-1 -0.1021068498971678395 -0.003312441801212256866 0.1499999999999999667 #
-1238 straight-curve $-1 -0.1017162056256230018 -0.003800336589699764792 1 0 0 -1 F 0.8499999999999999778 F 1 #
-1239 string_attrib-name_attrib-gen-attrib $-1 $-1 $-1 $1193 keep keep_kept ignore 17 ATTRIB_XACIS_NAME 4 NONE #
-1240 plane-surface $-1 -0.1017162056256230018 -0.003800336589699764792 1 1 0 0 0 0 -1 forward_v F 0.8499999999999999778 F 1 F -0.002099663410300314868 F 0 #
-1241 coedge $-1 $1281 $1198 $1282 $1283 reversed $123 $-1 #
-1242 coedge $-1 $1271 $1270 $1198 $1243 forward $1272 $-1 #
-1243 edge $-1 $1284 -2.184918912462308072e-12 $1244 1.350302565434865265 $1242 $1285 forward 7 unknown #
-1244 vertex $-1 $1243 $1286 #
-1245 straight-curve $-1 -0.1021068498971678257 -0.003312441801212242555 0 0.9757895770174568328 -0.2187114569109099571 -0 F -0.001565499423048300094 F 0 #
-1246 point $-1 -0.1021068498971678534 -0.003312441801212248193 0 #
-1247 coedge $-1 $1207 $1287 $1288 $1289 reversed $123 $-1 #
-1248 coedge $-1 $1220 $1219 $1207 $1249 forward $1221 $-1 #
-1249 edge $-1 $1250 -0.001800000000000150004 $1290 0 $1248 $1291 forward 7 unknown #
-1250 vertex $-1 $1209 $1292 #
-1251 ellipse-curve $-1 -0.1007162056256225985 0.007000000000000479797 0 0 0 1 -0.0005000000000000239713 0 0 1 F 3.141592653589860618 F 4.712388980384690562 #
-1252 point $-1 -0.1002162056256225703 0.007000000000000527502 0 #
-1253 string_attrib-name_attrib-gen-attrib $-1 $-1 $-1 $1214 keep keep_kept ignore 17 ATTRIB_XACIS_NAME 4 NONE #
-1254 face $1293 $1294 $1261 $4 $-1 $1295 forward single #
-1255 plane-surface $-1 -0.1007162056256225985 0.00750000000000050019 1 0 -1 0 0 0 -1 forward_v F 0.8499999999999999778 F 1 F -0.001800000000000150004 F 0 #
-1256 coedge $-1 $1296 $1216 $1297 $1298 forward $41 $-1 #
-1257 coedge $-1 $1299 $1300 $1216 $1258 reversed $1301 $-1 #
-1258 edge $-1 $1262 0 $1302 0.0004000000000000340089 $1257 $1303 forward 7 unknown #
-1259 coedge $-1 $1288 $1217 $1220 $1264 forward $1261 $-1 #
-1260 coedge $-1 $1217 $1288 $1299 $1304 reversed $1261 $-1 #
-1261 loop $-1 $-1 $1288 $1254 #
-1262 vertex $-1 $1304 $1305 #
-1263 ellipse-curve $-1 -0.1025162056256225945 0.007000000000000499746 0.1499999999999999944 0 0 1 0.0005000000000000059735 0 -0 1 F 1.570796326794895004 F 3.141592653589794892 #
-1264 edge $-1 $1222 0.8499999999999999778 $1290 1 $1220 $1306 forward 7 unknown #
-1265 point $-1 -0.1025162056256226639 0.007500000000000502792 0.1500000000000000222 #
-1266 straight-curve $-1 -0.1007162056256225985 0.00750000000000050019 1 0 0 -1 F 0.8499999999999999778 F 1 #
-1267 coedge $-1 $1227 $1307 $1308 $1309 forward $41 $-1 #
-1268 coedge $-1 $1310 $1311 $1227 $1269 reversed $1312 $-1 #
-1269 edge $-1 $1313 0 $1273 0.0002278266257999284896 $1268 $1314 forward 7 unknown #
-1270 coedge $-1 $1242 $1228 $1311 $1315 forward $1272 $-1 #
-1271 coedge $-1 $1228 $1242 $1230 $1275 reversed $1272 $-1 #
-1272 loop $-1 $-1 $1242 $1316 #
-1273 vertex $-1 $1315 $1317 #
-1274 ellipse-curve $-1 -0.103590705625623003 -0.002774891226200414986 0.1499999999999999944 0 0 1 0.0002000000000002514903 0 -0 1 F 3.141592653587609973 F 4.491895219024504726 #
-1275 edge $-1 $1233 -1 $1244 -0.8499999999999999778 $1271 $1318 forward 7 unknown #
-1276 face $1319 $1236 $1232 $4 $-1 $1320 reversed single #
-1277 point $-1 -0.1036344479170050459 -0.002970049141604193428 0.1499999999999999667 #
-1278 straight-curve $-1 -0.1021068498971678257 -0.003312441801212242555 -0.8500000000000000888 -0 -0 -1 F -1 F -0.8499999999999999778 #
-1279 string_attrib-name_attrib-gen-attrib $-1 $-1 $-1 $1236 keep keep_kept ignore 17 ATTRIB_XACIS_NAME 4 NONE #
-1280 cone-surface $-1 -0.1022162056256234047 -0.003800336589721290109 1 0 0 -1 -0.0005000000000003159469 0 0 1 F -3.141592653589793116 F 3.141592653589793116 0 1 1 forward I I I I #
-1281 coedge $-1 $1321 $1241 $1322 $1323 reversed $123 $-1 #
-1282 coedge $-1 $1311 $1310 $1241 $1283 forward $1312 $-1 #
-1283 edge $-1 $1324 -0.0002278266257999290046 $1284 0 $1282 $1325 forward 7 unknown #
-1284 vertex $-1 $1283 $1326 #
-1285 ellipse-curve $-1 -0.103590705625623003 -0.002774891226200414986 0 0 0 1 -0.0002000000000002514903 0 0 1 F -2.184918912462308072e-12 F 1.350302565434865265 #
-1286 point $-1 -0.1036344479170052124 -0.002970049141604156132 0 #
-1287 coedge $-1 $1247 $1327 $1328 $1329 reversed $123 $-1 #
-1288 coedge $-1 $1260 $1259 $1247 $1289 forward $1261 $-1 #
-1289 edge $-1 $1290 4.71238898038469145 $1330 6.283185307179586232 $1288 $1331 forward 7 unknown #
-1290 vertex $-1 $1249 $1332 #
-1291 straight-curve $-1 -0.1025162056256227472 0.00750000000000050019 0 -1 -0 -0 F -0.001800000000000150004 F 0 #
-1292 point $-1 -0.1007162056256225846 0.007500000000000501925 0 #
-1293 string_attrib-name_attrib-gen-attrib $-1 $-1 $-1 $1254 keep keep_kept ignore 17 ATTRIB_XACIS_NAME 4 NONE #
-1294 face $1333 $1334 $1301 $4 $-1 $1335 reversed single #
-1295 cone-surface $-1 -0.1025162056256225945 0.007000000000000499746 1 0 0 -1 -0.0005000000000000059735 0 0 1 F -3.141592653589793116 F 3.141592653589793116 0 1 1 forward I I I I #
-1296 coedge $-1 $1336 $1256 $1337 $1338 forward $41 $-1 #
-1297 coedge $-1 $1339 $1340 $1256 $1298 reversed $1341 $-1 #
-1298 edge $-1 $1302 3.141592653589794892 $1342 4.712388980384689674 $1297 $1343 forward 7 unknown #
-1299 coedge $-1 $1328 $1257 $1260 $1304 forward $1301 $-1 #
-1300 coedge $-1 $1257 $1328 $1339 $1344 reversed $1301 $-1 #
-1301 loop $-1 $-1 $1328 $1294 #
-1302 vertex $-1 $1344 $1345 #
-1303 straight-curve $-1 -0.103016205625622595 0.007000000000000499746 0.1499999999999999944 0 -1 0 F 0 F 0.0004000000000000340089 #
-1304 edge $-1 $1262 0.8499999999999999778 $1330 1 $1260 $1346 forward 7 unknown #
-1305 point $-1 -0.103016205625622595 0.007000000000000498879 0.1500000000000000222 #
-1306 straight-curve $-1 -0.1025162056256227472 0.00750000000000050019 1 0 0 -1 F 0.8499999999999999778 F 1 #
-1307 coedge $-1 $1267 $1347 $1348 $1349 forward $41 $-1 #
-1308 coedge $-1 $1350 $1351 $1267 $1309 reversed $1352 $-1 #
-1309 edge $-1 $1353 4.712388980384689674 $1313 6.283185307179586232 $1308 $1354 forward 7 unknown #
-1310 coedge $-1 $1282 $1268 $1351 $1355 forward $1312 $-1 #
-1311 coedge $-1 $1268 $1282 $1270 $1315 reversed $1312 $-1 #
-1312 loop $-1 $-1 $1282 $1356 #
-1313 vertex $-1 $1355 $1357 #
-1314 straight-curve $-1 -0.103790705625623203 -0.002547064600400049915 0.1499999999999999944 0 -1 0 F 0 F 0.0002278266257999284896 #
-1315 edge $-1 $1273 0.8499999999999999778 $1284 1 $1311 $1358 forward 7 unknown #
-1316 face $1359 $1276 $1272 $4 $-1 $1360 forward single #
-1317 point $-1 -0.1037907056256232308 -0.00277489122620019641 0.1500000000000000222 #
-1318 straight-curve $-1 -0.1036344479170051985 -0.002970049141604160035 -0.8500000000000000888 -0 -0 -1 F -1 F -0.8499999999999999778 #
-1319 string_attrib-name_attrib-gen-attrib $-1 $-1 $-1 $1276 keep keep_kept ignore 17 ATTRIB_XACIS_NAME 4 NONE #
-1320 plane-surface $-1 -0.1036344479170051985 -0.002970049141604160035 1 0.2187114569109099571 0.9757895770174568328 0 -0.9757895770174568328 0.2187114569109099571 0 forward_v F -0.001565499423048314622 F 1.401605556838584637e-17 F -1 F -0.8499999999999999778 #
-1321 coedge $-1 $1361 $1281 $1362 $1363 reversed $123 $-1 #
-1322 coedge $-1 $1351 $1350 $1281 $1323 forward $1352 $-1 #
-1323 edge $-1 $1364 1.570796326794895004 $1324 3.141592653590885131 $1322 $1365 forward 7 unknown #
-1324 vertex $-1 $1323 $1366 #
-1325 straight-curve $-1 -0.103790705625623203 -0.002774891226199978703 0 0 -1 -0 F -0.0002278266257999290046 F 0 #
-1326 point $-1 -0.1037907056256232308 -0.002774891226199976534 0 #
-1327 coedge $-1 $1287 $1367 $1368 $1369 reversed $123 $-1 #
-1328 coedge $-1 $1300 $1299 $1287 $1329 forward $1301 $-1 #
-1329 edge $-1 $1330 -0.0004000000000000329789 $1370 0 $1328 $1371 forward 7 unknown #
-1330 vertex $-1 $1289 $1372 #
-1331 ellipse-curve $-1 -0.1025162056256225945 0.007000000000000499746 0 0 0 1 -0.0005000000000000059735 0 0 1 F 4.71238898038469145 F 6.283185307179586232 #
-1332 point $-1 -0.1025162056256226639 0.007500000000000502792 0 #
-1333 string_attrib-name_attrib-gen-attrib $-1 $-1 $-1 $1294 keep keep_kept ignore 17 ATTRIB_XACIS_NAME 4 NONE #
-1334 face $1373 $1374 $1341 $4 $-1 $1375 forward single #
-1335 plane-surface $-1 -0.103016205625622595 0.007000000000000499746 1 1 0 0 0 0 -1 forward_v F 0.8499999999999999778 F 1 F -0.0004000000000000340089 F 0 #
-1336 coedge $-1 $1376 $1296 $1377 $1378 forward $41 $-1 #
-1337 coedge $-1 $1379 $1380 $1296 $1338 reversed $1381 $-1 #
-1338 edge $-1 $1342 0 $1382 0.000599999999999988997 $1337 $1383 forward 7 unknown #
-1339 coedge $-1 $1368 $1297 $1300 $1344 forward $1341 $-1 #
-1340 coedge $-1 $1297 $1368 $1379 $1384 reversed $1341 $-1 #
-1341 loop $-1 $-1 $1368 $1334 #
-1342 vertex $-1 $1384 $1385 #
-1343 ellipse-curve $-1 -0.1025162056256225945 0.006600000000000459666 0.1499999999999999944 0 0 1 0.0005000000000000059735 0 -0 1 F 3.141592653589794892 F 4.712388980384689674 #
-1344 edge $-1 $1302 0.8499999999999999778 $1370 1 $1300 $1386 forward 7 unknown #
-1345 point $-1 -0.103016205625622595 0.006600000000000463135 0.1500000000000000777 #
-1346 straight-curve $-1 -0.103016205625622595 0.007000000000000499746 1 0 0 -1 F 0.8499999999999999778 F 1 #
-1347 coedge $-1 $1307 $1387 $1388 $1389 forward $41 $-1 #
-1348 coedge $-1 $1390 $1391 $1307 $1349 reversed $1392 $-1 #
-1349 edge $-1 $1393 0 $1353 0.001251000000000223938 $1348 $1394 forward 7 unknown #
-1350 coedge $-1 $1322 $1308 $1391 $1395 forward $1352 $-1 #
-1351 coedge $-1 $1308 $1322 $1310 $1355 reversed $1352 $-1 #
-1352 loop $-1 $-1 $1322 $1396 #
-1353 vertex $-1 $1395 $1397 #
-1354 ellipse-curve $-1 -0.1039907056256230006 -0.002547064600399610163 0.1499999999999999944 -0 0 -1 0.0001999999999998329882 0 -0 1 F 4.712388980384689674 F 6.283185307179586232 #
-1355 edge $-1 $1313 0.8499999999999999778 $1324 1 $1351 $1398 forward 7 unknown #
-1356 face $1399 $1316 $1312 $4 $-1 $1400 reversed single #
-1357 point $-1 -0.1037907056256231753 -0.002547064600399830039 0.1500000000000000222 #
-1358 straight-curve $-1 -0.103790705625623203 -0.002774891226199978703 1 0 0 -1 F 0.8499999999999999778 F 1 #
-1359 string_attrib-name_attrib-gen-attrib $-1 $-1 $-1 $1316 keep keep_kept ignore 17 ATTRIB_XACIS_NAME 4 NONE #
-1360 cone-surface $-1 -0.103590705625623003 -0.002774891226200414986 1 0 0 -1 -0.0002000000000002514903 0 0 1 F -3.141592653589793116 F 3.141592653589793116 0 1 1 forward I I I I #
-1361 coedge $-1 $1401 $1321 $1402 $1403 reversed $123 $-1 #
-1362 coedge $-1 $1391 $1390 $1321 $1363 forward $1392 $-1 #
-1363 edge $-1 $1404 0 $1364 0.00125100000000020594 $1362 $1405 forward 7 unknown #
-1364 vertex $-1 $1363 $1406 #
-1365 ellipse-curve $-1 -0.1039907056256230006 -0.002547064600399610163 0 0 0 -1 -0.0001999999999998329882 0 0 1 F 1.570796326794895004 F 3.141592653590885131 #
-1366 point $-1 -0.1037907056256231753 -0.002547064600399937158 0 #
-1367 coedge $-1 $1327 $1407 $1408 $1409 reversed $123 $-1 #
-1368 coedge $-1 $1340 $1339 $1327 $1369 forward $1341 $-1 #
-1369 edge $-1 $1370 0 $1410 1.570796326794900111 $1368 $1411 forward 7 unknown #
-1370 vertex $-1 $1329 $1412 #
-1371 straight-curve $-1 -0.103016205625622595 0.006600000000000466605 0 0 -1 -0 F -0.0004000000000000329789 F 0 #
-1372 point $-1 -0.1030162056256226644 0.007000000000000499746 0 #
-1373 string_attrib-name_attrib-gen-attrib $-1 $-1 $-1 $1334 keep keep_kept ignore 17 ATTRIB_XACIS_NAME 4 NONE #
-1374 face $1413 $1414 $1381 $4 $-1 $1415 reversed single #
-1375 cone-surface $-1 -0.1025162056256225945 0.006600000000000459666 1 0 0 -1 -0.0005000000000000059735 0 0 1 F -3.141592653589793116 F 3.141592653589793116 0 1 1 forward I I I I #
-1376 coedge $-1 $1416 $1336 $1417 $1418 forward $41 $-1 #
-1377 coedge $-1 $1419 $1420 $1336 $1378 reversed $1421 $-1 #
-1378 edge $-1 $1382 4.712388980384689674 $1422 6.283185307179586232 $1377 $1423 forward 7 unknown #
-1379 coedge $-1 $1408 $1337 $1340 $1384 forward $1381 $-1 #
-1380 coedge $-1 $1337 $1408 $1419 $1424 reversed $1381 $-1 #
-1381 loop $-1 $-1 $1408 $1374 #
-1382 vertex $-1 $1424 $1425 #
-1383 straight-curve $-1 -0.1025162056256225945 0.006100000000000460089 0.1499999999999999944 1 0 -0 F 0 F 0.000599999999999988997 #
-1384 edge $-1 $1342 -1 $1410 -0.8499999999999999778 $1340 $1426 forward 7 unknown #
-1385 point $-1 -0.1025162056256225945 0.006100000000000457487 0.1500000000000000222 #
-1386 straight-curve $-1 -0.103016205625622595 0.006600000000000466605 1 0 0 -1 F 0.8499999999999999778 F 1 #
-1387 coedge $-1 $1347 $1427 $1428 $1429 forward $41 $-1 #
-1388 coedge $-1 $1430 $1431 $1347 $1389 reversed $1432 $-1 #
-1389 edge $-1 $1433 3.141592653589793116 $1393 4.712388980383718007 $1388 $1434 forward 7 unknown #
-1390 coedge $-1 $1362 $1348 $1431 $1435 forward $1392 $-1 #
-1391 coedge $-1 $1348 $1362 $1350 $1395 reversed $1392 $-1 #
-1392 loop $-1 $-1 $1362 $1436 #
-1393 vertex $-1 $1435 $1437 #
-1394 straight-curve $-1 -0.105241705625623197 -0.0023470646003997701 0.1499999999999999944 1 0 -0 F 0 F 0.001251000000000223938 #
-1395 edge $-1 $1353 -1 $1364 -0.8499999999999999778 $1391 $1438 forward 7 unknown #
-1396 face $1439 $1356 $1352 $4 $-1 $1440 reversed single #
-1397 point $-1 -0.1039907056256229867 -0.002347064600399773569 0.1499999999999999667 #
-1398 straight-curve $-1 -0.103790705625623203 -0.002547064600400049915 1 0 0 -1 F 0.8499999999999999778 F 1 #
-1399 string_attrib-name_attrib-gen-attrib $-1 $-1 $-1 $1356 keep keep_kept ignore 17 ATTRIB_XACIS_NAME 4 NONE #
-1400 plane-surface $-1 -0.103790705625623203 -0.002547064600400049915 1 1 0 0 0 0 -1 forward_v F 0.8499999999999999778 F 1 F -0.0002278266257999290046 F 0 #
-1401 coedge $-1 $1441 $1361 $1442 $1443 reversed $123 $-1 #
-1402 coedge $-1 $1431 $1430 $1361 $1403 forward $1432 $-1 #
-1403 edge $-1 $1444 0 $1404 1.570796326793630016 $1402 $1445 forward 7 unknown #
-1404 vertex $-1 $1403 $1446 #
-1405 straight-curve $-1 -0.105241705625623197 -0.0023470646003997701 0 1 0 0 F 0 F 0.00125100000000020594 #
-1406 point $-1 -0.1039907056256230145 -0.002347064600399773569 0 #
-1407 coedge $-1 $1367 $1447 $1448 $1449 reversed $123 $-1 #
-1408 coedge $-1 $1380 $1379 $1367 $1409 forward $1381 $-1 #
-1409 edge $-1 $1410 0 $1450 0.0006000000000000140421 $1408 $1451 forward 7 unknown #
-1410 vertex $-1 $1369 $1452 #
-1411 ellipse-curve $-1 -0.1025162056256225945 0.006600000000000459666 0 0 0 1 -0.0005000000000000059735 0 0 1 F 0 F 1.570796326794900111 #
-1412 point $-1 -0.1030162056256226644 0.006600000000000463135 0 #
-1413 string_attrib-name_attrib-gen-attrib $-1 $-1 $-1 $1374 keep keep_kept ignore 17 ATTRIB_XACIS_NAME 4 NONE #
-1414 face $1453 $1454 $1421 $4 $-1 $1455 reversed single #
-1415 plane-surface $-1 -0.1025162056256225945 0.006100000000000460089 1 0 1 0 0 -0 1 forward_v F -1 F -0.8499999999999999778 F 0 F 0.0006000000000000140421 #
-1416 coedge $-1 $1456 $1376 $1457 $1458 forward $41 $-1 #
-1417 coedge $-1 $1459 $1460 $1376 $1418 reversed $1461 $-1 #
-1418 edge $-1 $1422 0 $1462 0.002099663410278950013 $1417 $1463 forward 7 unknown #
-1419 coedge $-1 $1448 $1377 $1380 $1424 forward $1421 $-1 #
-1420 coedge $-1 $1377 $1448 $1459 $1464 reversed $1421 $-1 #
-1421 loop $-1 $-1 $1448 $1414 #
-1422 vertex $-1 $1464 $1465 #
-1423 ellipse-curve $-1 -0.1019162056256226051 0.005900000000000419666 0.1499999999999999944 -0 0 -1 0.0002000000000000339993 0 -0 1 F 4.712388980384689674 F 6.283185307179586232 #
-1424 edge $-1 $1382 -1 $1450 -0.8499999999999999778 $1380 $1466 forward 7 unknown #
-1425 point $-1 -0.1019162056256225912 0.006100000000000457487 0.1499999999999999667 #
-1426 straight-curve $-1 -0.1025162056256225945 0.006100000000000460089 -0.8500000000000000888 -0 0 -1 F -1 F -0.8499999999999999778 #
-1427 coedge $-1 $1387 $1467 $1468 $1469 forward $41 $-1 #
-1428 coedge $-1 $1470 $1471 $1387 $1429 reversed $1472 $-1 #
-1429 edge $-1 $1473 0 $1433 0.000227826625800610507 $1428 $1474 forward 7 unknown #
-1430 coedge $-1 $1402 $1388 $1471 $1475 forward $1432 $-1 #
-1431 coedge $-1 $1388 $1402 $1390 $1435 reversed $1432 $-1 #
-1432 loop $-1 $-1 $1402 $1476 #
-1433 vertex $-1 $1475 $1477 #
-1434 ellipse-curve $-1 -0.1052417056256230027 -0.002547064600399820064 0.1499999999999999944 -0 0 -1 0.0002000000000000515092 0 -0 1 F 3.141592653589793116 F 4.712388980383718007 #
-1435 edge $-1 $1393 -1 $1404 -0.8499999999999999778 $1431 $1478 forward 7 unknown #
-1436 face $1479 $1396 $1392 $4 $-1 $1480 reversed single #
-1437 point $-1 -0.1052417056256232247 -0.002347064600399769232 0.1499999999999999667 #
-1438 straight-curve $-1 -0.1039907056256229867 -0.0023470646003997701 -0.8500000000000000888 -0 0 -1 F -1 F -0.8499999999999999778 #
-1439 string_attrib-name_attrib-gen-attrib $-1 $-1 $-1 $1396 keep keep_kept ignore 17 ATTRIB_XACIS_NAME 4 NONE #
-1440 cone-surface $-1 -0.1039907056256230006 -0.002547064600399610163 1 0 0 -1 -0.0001999999999998329882 0 0 1 F -3.141592653589793116 F 3.141592653589793116 0 1 1 forward I I I I #
-1441 coedge $-1 $1481 $1401 $1482 $1483 reversed $123 $-1 #
-1442 coedge $-1 $1471 $1470 $1401 $1443 forward $1472 $-1 #
-1443 edge $-1 $1484 0 $1444 0.0002278266258006289926 $1442 $1485 forward 7 unknown #
-1444 vertex $-1 $1443 $1486 #
-1445 ellipse-curve $-1 -0.1052417056256230027 -0.002547064600399820064 0 0 0 -1 -0.0002000000000000515092 0 0 1 F 0 F 1.570796326793630016 #
-1446 point $-1 -0.1052417056256232247 -0.002347064600399764896 0 #
-1447 coedge $-1 $1407 $1487 $1488 $1489 reversed $123 $-1 #
-1448 coedge $-1 $1420 $1419 $1407 $1449 forward $1421 $-1 #
-1449 edge $-1 $1450 1.570796326794895004 $1490 3.14159265358944495 $1448 $1491 forward 7 unknown #
-1450 vertex $-1 $1409 $1492 #
-1451 straight-curve $-1 -0.1025162056256225945 0.006100000000000460089 0 1 0 0 F 0 F 0.0006000000000000140421 #
-1452 point $-1 -0.1025162056256226639 0.006100000000000457487 0 #
-1453 string_attrib-name_attrib-gen-attrib $-1 $-1 $-1 $1414 keep keep_kept ignore 17 ATTRIB_XACIS_NAME 4 NONE #
-1454 face $1493 $1494 $1461 $4 $-1 $1495 reversed single #
-1455 cone-surface $-1 -0.1019162056256226051 0.005900000000000419666 1 0 0 -1 -0.0002000000000000339993 0 0 1 F -3.141592653589793116 F 3.141592653589793116 0 1 1 forward I I I I #
-1456 coedge $-1 $1496 $1416 $1497 $1498 forward $41 $-1 #
-1457 coedge $-1 $1499 $1500 $1416 $1458 reversed $1501 $-1 #
-1458 edge $-1 $1462 0 $1502 1.350302565549327483 $1457 $1503 forward 7 unknown #
-1459 coedge $-1 $1488 $1417 $1420 $1464 forward $1461 $-1 #
-1460 coedge $-1 $1417 $1488 $1499 $1504 reversed $1461 $-1 #
-1461 loop $-1 $-1 $1488 $1454 #
-1462 vertex $-1 $1504 $1505 #
-1463 straight-curve $-1 -0.1017162056256225994 0.005900000000000560178 0.1499999999999999944 0 -1 0 F 0 F 0.002099663410278950013 #
-1464 edge $-1 $1422 0.8499999999999999778 $1490 1 $1420 $1506 forward 7 unknown #
-1465 point $-1 -0.1017162056256225855 0.005900000000000489922 0.1500000000000000222 #
-1466 straight-curve $-1 -0.1019162056256225773 0.006100000000000460089 -0.8500000000000000888 -0 0 -1 F -1 F -0.8499999999999999778 #
-1467 coedge $-1 $1427 $1507 $1508 $1509 forward $41 $-1 #
-1468 coedge $-1 $1510 $1511 $1427 $1469 reversed $1512 $-1 #
-1469 edge $-1 $1513 4.932882741836190021 $1473 6.283185307179500079 $1468 $1514 forward 7 unknown #
-1470 coedge $-1 $1442 $1428 $1511 $1515 forward $1472 $-1 #
-1471 coedge $-1 $1428 $1442 $1430 $1475 reversed $1472 $-1 #
-1472 loop $-1 $-1 $1442 $1516 #
-1473 vertex $-1 $1515 $1517 #
-1474 straight-curve $-1 -0.1054417056256229945 -0.002774891226200430164 0.1499999999999999944 0 1 0 F 0 F 0.000227826625800610507 #
-1475 edge $-1 $1433 -1 $1444 -0.8499999999999999778 $1471 $1518 forward 7 unknown #
-1476 face $1519 $1436 $1432 $4 $-1 $1520 reversed single #
-1477 point $-1 -0.1054417056256230223 -0.002547064600399810523 0.1500000000000000222 #
-1478 straight-curve $-1 -0.105241705625623197 -0.0023470646003997701 -0.8500000000000000888 -0 0 -1 F -1 F -0.8499999999999999778 #
-1479 string_attrib-name_attrib-gen-attrib $-1 $-1 $-1 $1436 keep keep_kept ignore 17 ATTRIB_XACIS_NAME 4 NONE #
-1480 plane-surface $-1 -0.105241705625623197 -0.0023470646003997701 1 0 1 0 0 -0 1 forward_v F -1 F -0.8499999999999999778 F 0 F 0.001251000000000224155 #
-1481 coedge $-1 $1521 $1441 $1522 $1523 reversed $123 $-1 #
-1482 coedge $-1 $1511 $1510 $1441 $1483 forward $1512 $-1 #
-1483 edge $-1 $1524 1.791290088246411116 $1484 3.141592653589746043 $1482 $1525 forward 7 unknown #
-1484 vertex $-1 $1483 $1526 #
-1485 straight-curve $-1 -0.1054417056256229945 -0.002774891226200430164 0 0 1 0 F 0 F 0.0002278266258006289926 #
-1486 point $-1 -0.1054417056256230223 -0.002547064600399810089 0 #
-1487 coedge $-1 $1447 $1527 $1528 $1529 reversed $123 $-1 #
-1488 coedge $-1 $1460 $1459 $1447 $1489 forward $1461 $-1 #
-1489 edge $-1 $1490 -0.002099663410278950013 $1530 0 $1488 $1531 forward 7 unknown #
-1490 vertex $-1 $1449 $1532 #
-1491 ellipse-curve $-1 -0.1019162056256226051 0.005900000000000419666 0 0 0 -1 -0.0002000000000000339993 0 0 1 F 1.570796326794895004 F 3.14159265358944495 #
-1492 point $-1 -0.1019162056256226467 0.006100000000000457487 0 #
-1493 string_attrib-name_attrib-gen-attrib $-1 $-1 $-1 $1454 keep keep_kept ignore 17 ATTRIB_XACIS_NAME 4 NONE #
-1494 face $1533 $1534 $1501 $4 $-1 $1535 reversed single #
-1495 plane-surface $-1 -0.1017162056256225994 0.005900000000000560178 1 1 0 0 0 0 -1 forward_v F 0.8499999999999999778 F 1 F -0.002099663410278950013 F 0 #
-1496 coedge $-1 $1536 $1456 $1537 $1538 forward $41 $-1 #
-1497 coedge $-1 $1539 $1540 $1456 $1498 reversed $1541 $-1 #
-1498 edge $-1 $1502 0 $1542 0.001565499423009885076 $1497 $1543 forward 7 unknown #
-1499 coedge $-1 $1528 $1457 $1460 $1504 forward $1501 $-1 #
-1500 coedge $-1 $1457 $1528 $1539 $1544 reversed $1501 $-1 #
-1501 loop $-1 $-1 $1528 $1494 #
-1502 vertex $-1 $1544 $1545 #
-1503 ellipse-curve $-1 -0.1022162056256225998 0.003800336589721610165 0.1499999999999999944 -0 0 -1 0.0005000000000000000104 0 -0 1 F 0 F 1.350302565549327483 #
-1504 edge $-1 $1462 0.8499999999999999778 $1530 1 $1460 $1546 forward 7 unknown #
-1505 point $-1 -0.1017162056256225994 0.003800336589721609731 0.1500000000000000222 #
-1506 straight-curve $-1 -0.1017162056256225994 0.005900000000000560178 1 0 0 -1 F 0.8499999999999999778 F 1 #
-1507 coedge $-1 $1467 $1547 $1548 $1549 forward $41 $-1 #
-1508 coedge $-1 $1550 $1551 $1467 $1509 reversed $1552 $-1 #
-1509 edge $-1 $1553 0 $1513 0.001565499423107399955 $1508 $1554 forward 7 unknown #
-1510 coedge $-1 $1482 $1468 $1551 $1555 forward $1512 $-1 #
-1511 coedge $-1 $1468 $1482 $1470 $1515 reversed $1512 $-1 #
-1512 loop $-1 $-1 $1482 $1556 #
-1513 vertex $-1 $1555 $1557 #
-1514 ellipse-curve $-1 -0.1056417056256231946 -0.002774891226200414986 0.1499999999999999944 0 0 1 0.0002000000000002414885 0 -0 1 F 4.932882741836190021 F 6.283185307179500079 #
-1515 edge $-1 $1473 -1 $1484 -0.8499999999999999778 $1511 $1558 forward 7 unknown #
-1516 face $1559 $1476 $1472 $4 $-1 $1560 reversed single #
-1517 point $-1 -0.1054417056256229668 -0.00277489122620042843 0.1500000000000000222 #
-1518 straight-curve $-1 -0.1054417056256229945 -0.002547064600399800982 -0.8500000000000000888 -0 -0 -1 F -1 F -0.8499999999999999778 #
-1519 string_attrib-name_attrib-gen-attrib $-1 $-1 $-1 $1476 keep keep_kept ignore 17 ATTRIB_XACIS_NAME 4 NONE #
-1520 cone-surface $-1 -0.1052417056256230027 -0.002547064600399820064 1 0 0 -1 -0.0002000000000000515092 0 0 1 F -3.141592653589793116 F 3.141592653589793116 0 1 1 forward I I I I #
-1521 coedge $-1 $1561 $1481 $1562 $1563 reversed $123 $-1 #
-1522 coedge $-1 $1551 $1550 $1481 $1523 forward $1552 $-1 #
-1523 edge $-1 $1564 -0.001565499423107455032 $1524 0 $1522 $1565 forward 7 unknown #
-1524 vertex $-1 $1523 $1566 #
-1525 ellipse-curve $-1 -0.1056417056256231946 -0.002774891226200414986 0 0 0 1 -0.0002000000000002414885 0 0 1 F 1.791290088246411116 F 3.141592653589746043 #
-1526 point $-1 -0.1054417056256229945 -0.002774891226200424527 0 #
-1527 coedge $-1 $1487 $1567 $1568 $1569 reversed $123 $-1 #
-1528 coedge $-1 $1500 $1499 $1487 $1529 forward $1501 $-1 #
-1529 edge $-1 $1530 3.141592653589794892 $1570 4.491895219138744899 $1528 $1571 forward 7 unknown #
-1530 vertex $-1 $1489 $1572 #
-1531 straight-curve $-1 -0.1017162056256225994 0.003800336589721610165 0 0 -1 -0 F -0.002099663410278950013 F 0 #
-1532 point $-1 -0.1017162056256226133 0.00590000000000052028 0 #
-1533 string_attrib-name_attrib-gen-attrib $-1 $-1 $-1 $1494 keep keep_kept ignore 17 ATTRIB_XACIS_NAME 4 NONE #
-1534 face $1573 $1574 $1541 $4 $-1 $1575 reversed single #
-1535 cone-surface $-1 -0.1022162056256225998 0.003800336589721610165 1 0 0 -1 -0.0005000000000000000104 0 0 1 F -3.141592653589793116 F 3.141592653589793116 0 1 1 forward I I I I #
-1536 coedge $-1 $1576 $1496 $1577 $1578 forward $41 $-1 #
-1537 coedge $-1 $1579 $1580 $1496 $1538 reversed $1581 $-1 #
-1538 edge $-1 $1542 1.791290088245329981 $1582 3.141592653589794892 $1537 $1583 forward 7 unknown #
-1539 coedge $-1 $1568 $1497 $1500 $1544 forward $1541 $-1 #
-1540 coedge $-1 $1497 $1568 $1579 $1584 reversed $1541 $-1 #
-1541 loop $-1 $-1 $1568 $1534 #
-1542 vertex $-1 $1584 $1585 #
-1543 straight-curve $-1 -0.1021068498972230038 0.003312441801200404802 0.1499999999999999944 -0.9757895770174389583 -0.2187114569109895046 0 F 0 F 0.001565499423009885076 #
-1544 edge $-1 $1502 -1 $1570 -0.8499999999999999778 $1500 $1586 forward 7 unknown #
-1545 point $-1 -0.1021068498972229066 0.003312441801200383985 0.1499999999999999667 #
-1546 straight-curve $-1 -0.1017162056256225994 0.003800336589721610165 1 0 0 -1 F 0.8499999999999999778 F 1 #
-1547 coedge $-1 $1507 $1587 $1588 $1589 forward $41 $-1 #
-1548 coedge $-1 $1590 $1591 $1507 $1549 reversed $1592 $-1 #
-1549 edge $-1 $1593 3.141592653589792672 $1553 4.491895218933414924 $1548 $1594 forward 7 unknown #
-1550 coedge $-1 $1522 $1508 $1591 $1595 forward $1552 $-1 #
-1551 coedge $-1 $1508 $1522 $1510 $1555 reversed $1552 $-1 #
-1552 loop $-1 $-1 $1522 $1596 #
-1553 vertex $-1 $1595 $1597 #
-1554 straight-curve $-1 -0.1071255613541230028 -0.003312441801199830175 0.1499999999999999944 0.9757895770205107233 0.2187114568972849393 0 F 0 F 0.001565499423107399955 #
-1555 edge $-1 $1513 -1 $1524 -0.8499999999999999778 $1551 $1598 forward 7 unknown #
-1556 face $1599 $1516 $1512 $4 $-1 $1600 forward single #
-1557 point $-1 -0.1055979633342231383 -0.002970049141600145451 0.1499999999999999667 #
-1558 straight-curve $-1 -0.1054417056256229945 -0.002774891226200430164 -0.8500000000000000888 -0 -0 -1 F -1 F -0.8499999999999999778 #
-1559 string_attrib-name_attrib-gen-attrib $-1 $-1 $-1 $1516 keep keep_kept ignore 17 ATTRIB_XACIS_NAME 4 NONE #
-1560 plane-surface $-1 -0.1054417056256229945 -0.002774891226200430164 1 -1 0 0 0 0 1 forward_v F -1 F -0.8499999999999999778 F 0 F 0.0002278266258006289926 #
-1561 coedge $-1 $1601 $1521 $1602 $1603 reversed $123 $-1 #
-1562 coedge $-1 $1591 $1590 $1521 $1563 forward $1592 $-1 #
-1563 edge $-1 $1604 0 $1564 1.350302565343560079 $1562 $1605 forward 7 unknown #
-1564 vertex $-1 $1563 $1606 #
-1565 straight-curve $-1 -0.1055979633342231244 -0.002970049141600139379 0 0.9757895770205107233 0.2187114568972849393 -0 F -0.001565499423107455032 F 0 #
-1566 point $-1 -0.1055979633342231661 -0.002970049141600137645 0 #
-1567 coedge $-1 $1527 $1607 $1608 $1609 reversed $123 $-1 #
-1568 coedge $-1 $1540 $1539 $1527 $1569 forward $1541 $-1 #
-1569 edge $-1 $1570 -0.001565499423009839974 $1610 0 $1568 $1611 forward 7 unknown #
-1570 vertex $-1 $1529 $1612 #
-1571 ellipse-curve $-1 -0.1022162056256225998 0.003800336589721610165 0 0 0 -1 -0.0005000000000000000104 0 0 1 F 3.141592653589794892 F 4.491895219138744899 #
-1572 point $-1 -0.101716205625622641 0.003800336589721605395 0 #
-1573 string_attrib-name_attrib-gen-attrib $-1 $-1 $-1 $1534 keep keep_kept ignore 17 ATTRIB_XACIS_NAME 4 NONE #
-1574 face $1613 $1614 $1581 $4 $-1 $1615 forward single #
-1575 plane-surface $-1 -0.1021068498972230038 0.003312441801200404802 1 0.2187114569109895046 -0.9757895770174389583 0 0.9757895770174389583 0.2187114569109895046 0 forward_v F -0.001565499423009899605 F 0 F -1 F -0.8499999999999999778 #
-1576 coedge $-1 $1616 $1536 $1617 $1618 forward $41 $-1 #
-1577 coedge $-1 $1619 $1620 $1536 $1578 reversed $1621 $-1 #
-1578 edge $-1 $1582 0 $1622 0.0002278266259005650026 $1577 $1623 forward 7 unknown #
-1579 coedge $-1 $1608 $1537 $1540 $1584 forward $1581 $-1 #
-1580 coedge $-1 $1537 $1608 $1619 $1624 reversed $1581 $-1 #
-1581 loop $-1 $-1 $1608 $1574 #
-1582 vertex $-1 $1624 $1625 #
-1583 ellipse-curve $-1 -0.103590705625623003 0.002774891226201079818 0.1499999999999999944 0 0 1 0.000199999999999988002 0 -0 1 F 1.791290088245329981 F 3.141592653589794892 #
-1584 edge $-1 $1542 -1 $1610 -0.8499999999999999778 $1540 $1626 forward 7 unknown #
-1585 point $-1 -0.1036344479170228372 0.002970049141600604285 0.1500000000000000222 #
-1586 straight-curve $-1 -0.1021068498972230038 0.003312441801200404802 -0.8500000000000000888 -0 -0 -1 F -1 F -0.8499999999999999778 #
-1587 coedge $-1 $1547 $1627 $1628 $1629 forward $41 $-1 #
-1588 coedge $-1 $1630 $1631 $1547 $1589 reversed $1632 $-1 #
-1589 edge $-1 $1633 0 $1593 0.002099663410301350064 $1588 $1634 forward 7 unknown #
-1590 coedge $-1 $1562 $1548 $1631 $1635 forward $1592 $-1 #
-1591 coedge $-1 $1548 $1562 $1550 $1595 reversed $1592 $-1 #
-1592 loop $-1 $-1 $1562 $1636 #
-1593 vertex $-1 $1635 $1637 #
-1594 ellipse-curve $-1 -0.107016205625623001 -0.0038003365896987348 0.1499999999999999944 -0 0 -1 0.0005000000000001750006 0 -0 1 F 3.141592653589792672 F 4.491895218933414924 #
-1595 edge $-1 $1553 -1 $1564 -0.8499999999999999778 $1591 $1638 forward 7 unknown #
-1596 face $1639 $1556 $1552 $4 $-1 $1640 reversed single #
-1597 point $-1 -0.1071255613541230167 -0.003312441801199821501 0.1499999999999999667 #
-1598 straight-curve $-1 -0.1055979633342231244 -0.002970049141600139379 -0.8500000000000000888 -0 -0 -1 F -1 F -0.8499999999999999778 #
-1599 string_attrib-name_attrib-gen-attrib $-1 $-1 $-1 $1556 keep keep_kept ignore 17 ATTRIB_XACIS_NAME 4 NONE #
-1600 cone-surface $-1 -0.1056417056256231946 -0.002774891226200414986 1 0 0 -1 -0.0002000000000002414885 0 0 1 F -3.141592653589793116 F 3.141592653589793116 0 1 1 forward I I I I #
-1601 coedge $-1 $1641 $1561 $1642 $1643 reversed $123 $-1 #
-1602 coedge $-1 $1631 $1630 $1561 $1603 forward $1632 $-1 #
-1603 edge $-1 $1644 0 $1604 0.002099663410301330115 $1602 $1645 forward 7 unknown #
-1604 vertex $-1 $1603 $1646 #
-1605 ellipse-curve $-1 -0.107016205625623001 -0.0038003365896987348 0 0 0 -1 -0.0005000000000001750006 0 0 1 F 0 F 1.350302565343560079 #
-1606 point $-1 -0.1071255613541230445 -0.003312441801199824537 0 #
-1607 coedge $-1 $1567 $1647 $1648 $1649 reversed $123 $-1 #
-1608 coedge $-1 $1580 $1579 $1567 $1609 forward $1581 $-1 #
-1609 edge $-1 $1610 4.932882741835120655 $1650 6.283185307179586232 $1608 $1651 forward 7 unknown #
-1610 vertex $-1 $1569 $1652 #
-1611 straight-curve $-1 -0.1036344479170228233 0.002970049141600609489 0 -0.9757895770174389583 -0.2187114569109895046 -0 F -0.001565499423009839974 F 0 #
-1612 point $-1 -0.1021068498972229066 0.0033124418012004022 0 #
-1613 string_attrib-name_attrib-gen-attrib $-1 $-1 $-1 $1574 keep keep_kept ignore 17 ATTRIB_XACIS_NAME 4 NONE #
-1614 face $1653 $1654 $1621 $4 $-1 $1655 reversed single #
-1615 cone-surface $-1 -0.103590705625623003 0.002774891226201079818 1 0 0 -1 -0.000199999999999988002 0 0 1 F -3.141592653589793116 F 3.141592653589793116 0 1 1 forward I I I I #
-1616 coedge $-1 $1656 $1576 $1657 $1658 forward $41 $-1 #
-1617 coedge $-1 $1659 $1660 $1576 $1618 reversed $1661 $-1 #
-1618 edge $-1 $1622 0 $1662 1.570796326794896558 $1617 $1663 forward 7 unknown #
-1619 coedge $-1 $1648 $1577 $1580 $1624 forward $1621 $-1 #
-1620 coedge $-1 $1577 $1648 $1659 $1664 reversed $1621 $-1 #
-1621 loop $-1 $-1 $1648 $1614 #
-1622 vertex $-1 $1664 $1665 #
-1623 straight-curve $-1 -0.1037907056256229948 0.002774891226201079818 0.1499999999999999944 0 -1 0 F 0 F 0.0002278266259005650026 #
-1624 edge $-1 $1582 0.8499999999999999778 $1650 1 $1580 $1666 forward 7 unknown #
-1625 point $-1 -0.1037907056256229948 0.002774891226201079385 0.1500000000000000777 #
-1626 straight-curve $-1 -0.1036344479170228233 0.002970049141600609489 -0.8500000000000000888 -0 -0 -1 F -1 F -0.8499999999999999778 #
-1627 coedge $-1 $1587 $1667 $1668 $1669 forward $41 $-1 #
-1628 coedge $-1 $1670 $1671 $1587 $1629 reversed $1672 $-1 #
-1629 edge $-1 $1673 1.570796326794896558 $1633 3.141592653589793116 $1628 $1674 forward 7 unknown #
-1630 coedge $-1 $1602 $1588 $1671 $1675 forward $1632 $-1 #
-1631 coedge $-1 $1588 $1602 $1590 $1635 reversed $1632 $-1 #
-1632 loop $-1 $-1 $1602 $1676 #
-1633 vertex $-1 $1675 $1677 #
-1634 straight-curve $-1 -0.1075162056256231957 -0.00590000000000007966 0.1499999999999999944 0 1 0 F 0 F 0.002099663410301350064 #
-1635 edge $-1 $1593 -1 $1604 -0.8499999999999999778 $1631 $1678 forward 7 unknown #
-1636 face $1679 $1596 $1592 $4 $-1 $1680 reversed single #
-1637 point $-1 -0.1075162056256231957 -0.003800336589698739571 0.1499999999999999667 #
-1638 straight-curve $-1 -0.1071255613541230028 -0.003312441801199830175 -0.8500000000000000888 -0 -0 -1 F -1 F -0.8499999999999999778 #
-1639 string_attrib-name_attrib-gen-attrib $-1 $-1 $-1 $1596 keep keep_kept ignore 17 ATTRIB_XACIS_NAME 4 NONE #
-1640 plane-surface $-1 -0.1071255613541230028 -0.003312441801199830175 1 -0.2187114568972849393 0.9757895770205107233 0 -0.9757895770205107233 -0.2187114568972849393 0 forward_v F -0.001565499423107455032 F 2.812696211148356871e-17 F -1 F -0.8499999999999999778 #
-1641 coedge $-1 $1681 $1601 $1682 $1683 reversed $123 $-1 #
-1642 coedge $-1 $1671 $1670 $1601 $1643 forward $1672 $-1 #
-1643 edge $-1 $1684 4.712388980384689674 $1644 6.283185307179589785 $1642 $1685 forward 7 unknown #
-1644 vertex $-1 $1643 $1686 #
-1645 straight-curve $-1 -0.1075162056256231957 -0.00590000000000007966 0 0 1 0 F 0 F 0.002099663410301330115 #
-1646 point $-1 -0.1075162056256231957 -0.003800336589698742173 0 #
-1647 coedge $-1 $1607 $1687 $1688 $1689 reversed $123 $-1 #
-1648 coedge $-1 $1620 $1619 $1607 $1649 forward $1621 $-1 #
-1649 edge $-1 $1650 -0.0002278266259005660055 $1690 0 $1648 $1691 forward 7 unknown #
-1650 vertex $-1 $1609 $1692 #
-1651 ellipse-curve $-1 -0.103590705625623003 0.002774891226201079818 0 0 0 1 -0.000199999999999988002 0 0 1 F 4.932882741835120655 F 6.283185307179586232 #
-1652 point $-1 -0.1036344479170227539 0.002970049141600607755 0 #
-1653 string_attrib-name_attrib-gen-attrib $-1 $-1 $-1 $1614 keep keep_kept ignore 17 ATTRIB_XACIS_NAME 4 NONE #
-1654 face $1693 $1694 $1661 $4 $-1 $1695 reversed single #
-1655 plane-surface $-1 -0.1037907056256229948 0.002774891226201079818 1 1 0 0 0 0 -1 forward_v F 0.8499999999999999778 F 1 F -0.0002278266259005660055 F 0 #
-1656 coedge $-1 $1696 $1616 $1697 $1698 forward $41 $-1 #
-1657 coedge $-1 $1699 $1700 $1616 $1658 reversed $1701 $-1 #
-1658 edge $-1 $1662 0 $1702 0.001251000000000169945 $1657 $1703 forward 7 unknown #
-1659 coedge $-1 $1688 $1617 $1620 $1664 forward $1661 $-1 #
-1660 coedge $-1 $1617 $1688 $1699 $1704 reversed $1661 $-1 #
-1661 loop $-1 $-1 $1688 $1654 #
-1662 vertex $-1 $1704 $1705 #
-1663 ellipse-curve $-1 -0.1039907056256225981 0.002547064600300514951 0.1499999999999999944 -0 0 -1 0.0001999999999998414992 0 -0 1 F 0 F 1.570796326794896558 #
-1664 edge $-1 $1622 0.8499999999999999778 $1690 1 $1620 $1706 forward 7 unknown #
-1665 point $-1 -0.1037907056256228699 0.002547064600300514084 0.1499999999999999667 #
-1666 straight-curve $-1 -0.1037907056256229948 0.002774891226201079818 1 0 0 -1 F 0.8499999999999999778 F 1 #
-1667 coedge $-1 $1627 $1707 $1708 $1709 forward $41 $-1 #
-1668 coedge $-1 $1710 $1711 $1627 $1669 reversed $1712 $-1 #
-1669 edge $-1 $1713 0 $1673 0.0006000000000003230397 $1668 $1714 forward 7 unknown #
-1670 coedge $-1 $1642 $1628 $1711 $1715 forward $1672 $-1 #
-1671 coedge $-1 $1628 $1642 $1630 $1675 reversed $1672 $-1 #
-1672 loop $-1 $-1 $1642 $1716 #
-1673 vertex $-1 $1715 $1717 #
-1674 ellipse-curve $-1 -0.1073162056256233982 -0.00590000000000007966 0.1499999999999999944 -0 0 -1 0.0001999999999998065066 0 -0 1 F 1.570796326794896558 F 3.141592653589793116 #
-1675 edge $-1 $1633 -1 $1644 -0.8499999999999999778 $1671 $1718 forward 7 unknown #
-1676 face $1719 $1636 $1632 $4 $-1 $1720 reversed single #
-1677 point $-1 -0.1075162056256231957 -0.005900000000000078793 0.1499999999999999667 #
-1678 straight-curve $-1 -0.1075162056256231957 -0.003800336589698749545 -0.8500000000000000888 -0 -0 -1 F -1 F -0.8499999999999999778 #
-1679 string_attrib-name_attrib-gen-attrib $-1 $-1 $-1 $1636 keep keep_kept ignore 17 ATTRIB_XACIS_NAME 4 NONE #
-1680 cone-surface $-1 -0.107016205625623001 -0.0038003365896987348 1 0 0 -1 -0.0005000000000001750006 0 0 1 F -3.141592653589793116 F 3.141592653589793116 0 1 1 forward I I I I #
-1681 coedge $-1 $1721 $1641 $1722 $1723 reversed $123 $-1 #
-1682 coedge $-1 $1711 $1710 $1641 $1683 forward $1712 $-1 #
-1683 edge $-1 $1724 -0.0006000000000003640225 $1684 0 $1682 $1725 forward 7 unknown #
-1684 vertex $-1 $1683 $1726 #
-1685 ellipse-curve $-1 -0.1073162056256233982 -0.00590000000000007966 0 0 0 -1 -0.0001999999999998065066 0 0 1 F 4.712388980384689674 F 6.283185307179589785 #
-1686 point $-1 -0.1075162056256232096 -0.005900000000000078793 0 #
-1687 coedge $-1 $1647 $1727 $1728 $1729 reversed $123 $-1 #
-1688 coedge $-1 $1660 $1659 $1647 $1689 forward $1661 $-1 #
-1689 edge $-1 $1690 3.141592653589794892 $1730 4.712388980384599968 $1688 $1731 forward 7 unknown #
-1690 vertex $-1 $1649 $1732 #
-1691 straight-curve $-1 -0.1037907056256229948 0.00254706460030051365 0 0 -1 -0 F -0.0002278266259005660055 F 0 #
-1692 point $-1 -0.1037907056256229255 0.002774891226201084589 0 #
-1693 string_attrib-name_attrib-gen-attrib $-1 $-1 $-1 $1654 keep keep_kept ignore 17 ATTRIB_XACIS_NAME 4 NONE #
-1694 face $1733 $1734 $1701 $4 $-1 $1735 reversed single #
-1695 cone-surface $-1 -0.1039907056256225981 0.002547064600300514951 1 0 0 -1 -0.0001999999999998414992 0 0 1 F -3.141592653589793116 F 3.141592653589793116 0 1 1 forward I I I I #
-1696 coedge $-1 $1736 $1656 $1737 $1738 forward $41 $-1 #
-1697 coedge $-1 $1739 $1740 $1656 $1698 reversed $1741 $-1 #
-1698 edge $-1 $1702 1.570796326794896558 $1742 3.141592653589793116 $1697 $1743 forward 7 unknown #
-1699 coedge $-1 $1728 $1657 $1660 $1704 forward $1701 $-1 #
-1700 coedge $-1 $1657 $1728 $1739 $1744 reversed $1701 $-1 #
-1701 loop $-1 $-1 $1728 $1694 #
-1702 vertex $-1 $1744 $1745 #
-1703 straight-curve $-1 -0.1039907056256225981 0.002347064600300674889 0.1499999999999999944 -1 0 0 F 0 F 0.001251000000000169945 #
-1704 edge $-1 $1662 0.8499999999999999778 $1730 1 $1660 $1746 forward 7 unknown #
-1705 point $-1 -0.1039907056256225981 0.002347064600300674889 0.1500000000000000222 #
-1706 straight-curve $-1 -0.1037907056256229948 0.00254706460030051365 1 0 0 -1 F 0.8499999999999999778 F 1 #
-1707 coedge $-1 $1667 $1747 $1748 $1749 forward $41 $-1 #
-1708 coedge $-1 $1750 $1751 $1667 $1709 reversed $1752 $-1 #
-1709 edge $-1 $1753 -1.776356839400250149e-14 $1713 1.570796326794895004 $1708 $1754 forward 7 unknown #
-1710 coedge $-1 $1682 $1668 $1751 $1755 forward $1712 $-1 #
-1711 coedge $-1 $1668 $1682 $1670 $1715 reversed $1712 $-1 #
-1712 loop $-1 $-1 $1682 $1756 #
-1713 vertex $-1 $1755 $1757 #
-1714 straight-curve $-1 -0.1067162056256230063 -0.006099999999999890232 0.1499999999999999944 -1 0 0 F 0 F 0.0006000000000003230397 #
-1715 edge $-1 $1673 0.8499999999999999778 $1684 1 $1711 $1758 forward 7 unknown #
-1716 face $1759 $1676 $1672 $4 $-1 $1760 reversed single #
-1717 point $-1 -0.1073162056256233565 -0.006099999999999888498 0.1500000000000000222 #
-1718 straight-curve $-1 -0.1075162056256231957 -0.00590000000000007966 -0.8500000000000000888 -0 -0 -1 F -1 F -0.8499999999999999778 #
-1719 string_attrib-name_attrib-gen-attrib $-1 $-1 $-1 $1676 keep keep_kept ignore 17 ATTRIB_XACIS_NAME 4 NONE #
-1720 plane-surface $-1 -0.1075162056256231957 -0.00590000000000007966 1 -1 0 0 0 0 1 forward_v F -1 F -0.8499999999999999778 F 0 F 0.002099663410301350064 #
-1721 coedge $-1 $1761 $1681 $1762 $1763 reversed $123 $-1 #
-1722 coedge $-1 $1751 $1750 $1681 $1723 forward $1752 $-1 #
-1723 edge $-1 $1764 3.141592653589776241 $1724 4.71238898038469145 $1722 $1765 forward 7 unknown #
-1724 vertex $-1 $1723 $1766 #
-1725 straight-curve $-1 -0.1073162056256233704 -0.006099999999999890232 0 -1 -0 -0 F -0.0006000000000003640225 F 0 #
-1726 point $-1 -0.1073162056256233843 -0.00609999999999988763 0 #
-1727 coedge $-1 $1687 $1767 $1768 $1769 reversed $123 $-1 #
-1728 coedge $-1 $1700 $1699 $1687 $1729 forward $1701 $-1 #
-1729 edge $-1 $1730 -0.001251000000000187943 $1770 0 $1728 $1771 forward 7 unknown #
-1730 vertex $-1 $1689 $1772 #
-1731 ellipse-curve $-1 -0.1039907056256225981 0.002547064600300514951 0 0 0 -1 -0.0001999999999998414992 0 0 1 F 3.141592653589794892 F 4.712388980384599968 #
-1732 point $-1 -0.1037907056256228699 0.002547064600300516686 0 #
-1733 string_attrib-name_attrib-gen-attrib $-1 $-1 $-1 $1694 keep keep_kept ignore 17 ATTRIB_XACIS_NAME 4 NONE #
-1734 face $1773 $1774 $1741 $4 $-1 $1775 reversed single #
-1735 plane-surface $-1 -0.1039907056256225981 0.002347064600300674889 1 0 -1 0 0 0 -1 forward_v F 0.8499999999999999778 F 1 F -0.001251000000000188159 F 0 #
-1736 coedge $-1 $1776 $1696 $1777 $1778 forward $41 $-1 #
-1737 coedge $-1 $1779 $1780 $1696 $1738 reversed $1781 $-1 #
-1738 edge $-1 $1742 0 $1782 0.0002278266259001460127 $1737 $1783 forward 7 unknown #
-1739 coedge $-1 $1768 $1697 $1700 $1744 forward $1741 $-1 #
-1740 coedge $-1 $1697 $1768 $1779 $1784 reversed $1741 $-1 #
-1741 loop $-1 $-1 $1768 $1734 #
-1742 vertex $-1 $1784 $1785 #
-1743 ellipse-curve $-1 -0.1052417056256230027 0.002547064600300510181 0.1499999999999999944 -0 0 -1 0.0001999999999998329882 0 -0 1 F 1.570796326794896558 F 3.141592653589793116 #
-1744 edge $-1 $1702 0.8499999999999999778 $1770 1 $1700 $1786 forward 7 unknown #
-1745 point $-1 -0.1052417056256228778 0.002347064600300675756 0.1500000000000000222 #
-1746 straight-curve $-1 -0.1039907056256225981 0.002347064600300674889 1 0 0 -1 F 0.8499999999999999778 F 1 #
-1747 coedge $-1 $1707 $1787 $1788 $1789 forward $41 $-1 #
-1748 coedge $-1 $1790 $1791 $1707 $1749 reversed $1792 $-1 #
-1749 edge $-1 $1793 0 $1753 0.0003999999999996395219 $1748 $1794 forward 7 unknown #
-1750 coedge $-1 $1722 $1708 $1791 $1795 forward $1752 $-1 #
-1751 coedge $-1 $1708 $1722 $1710 $1755 reversed $1752 $-1 #
-1752 loop $-1 $-1 $1722 $1796 #
-1753 vertex $-1 $1795 $1797 #
-1754 ellipse-curve $-1 -0.1067162056256230063 -0.006599999999999880268 0.1499999999999999944 0 0 1 0.0005000000000000000104 0 -0 1 F -1.776356839400250149e-14 F 1.570796326794895004 #
-1755 edge $-1 $1713 0.8499999999999999778 $1724 1 $1751 $1798 forward 7 unknown #
-1756 face $1799 $1716 $1712 $4 $-1 $1800 reversed single #
-1757 point $-1 -0.1067162056256230063 -0.006099999999999885028 0.1500000000000000222 #
-1758 straight-curve $-1 -0.1073162056256233704 -0.006099999999999890232 1 0 0 -1 F 0.8499999999999999778 F 1 #
-1759 string_attrib-name_attrib-gen-attrib $-1 $-1 $-1 $1716 keep keep_kept ignore 17 ATTRIB_XACIS_NAME 4 NONE #
-1760 cone-surface $-1 -0.1073162056256233982 -0.00590000000000007966 1 0 0 -1 -0.0001999999999998065066 0 0 1 F -3.141592653589793116 F 3.141592653589793116 0 1 1 forward I I I I #
-1761 coedge $-1 $1801 $1721 $1802 $1803 reversed $123 $-1 #
-1762 coedge $-1 $1791 $1790 $1721 $1763 forward $1792 $-1 #
-1763 edge $-1 $1804 0 $1764 0.000399999999999631011 $1762 $1805 forward 7 unknown #
-1764 vertex $-1 $1763 $1806 #
-1765 ellipse-curve $-1 -0.1067162056256230063 -0.006599999999999880268 0 0 0 1 -0.0005000000000000000104 0 0 1 F 3.141592653589776241 F 4.71238898038469145 #
-1766 point $-1 -0.106716205625623034 -0.006099999999999885028 0 #
-1767 coedge $-1 $1727 $1807 $1808 $1809 reversed $123 $-1 #
-1768 coedge $-1 $1740 $1739 $1727 $1769 forward $1741 $-1 #
-1769 edge $-1 $1770 4.712388980384689674 $1810 6.283185307179589785 $1768 $1811 forward 7 unknown #
-1770 vertex $-1 $1729 $1812 #
-1771 straight-curve $-1 -0.1052417056256227806 0.002347064600300674889 0 -1 -0 -0 F -0.001251000000000187943 F 0 #
-1772 point $-1 -0.1039907056256226259 0.002347064600300677491 0 #
-1773 string_attrib-name_attrib-gen-attrib $-1 $-1 $-1 $1734 keep keep_kept ignore 17 ATTRIB_XACIS_NAME 4 NONE #
-1774 face $1813 $1814 $1781 $4 $-1 $1815 reversed single #
-1775 cone-surface $-1 -0.1052417056256230027 0.002547064600300510181 1 0 0 -1 -0.0001999999999998329882 0 0 1 F -3.141592653589793116 F 3.141592653589793116 0 1 1 forward I I I I #
-1776 coedge $-1 $1816 $1736 $1817 $1818 forward $41 $-1 #
-1777 coedge $-1 $1819 $1820 $1736 $1778 reversed $1821 $-1 #
-1778 edge $-1 $1782 -1.049826892085548025e-12 $1822 1.350302565448654013 $1777 $1823 forward 7 unknown #
-1779 coedge $-1 $1808 $1737 $1740 $1784 forward $1781 $-1 #
-1780 coedge $-1 $1737 $1808 $1819 $1824 reversed $1781 $-1 #
-1781 loop $-1 $-1 $1808 $1774 #
-1782 vertex $-1 $1824 $1825 #
-1783 straight-curve $-1 -0.1054417056256228002 0.002547064600300510181 0.1499999999999999944 0 1 0 F 0 F 0.0002278266259001460127 #
-1784 edge $-1 $1742 -1 $1810 -0.8499999999999999778 $1740 $1826 forward 7 unknown #
-1785 point $-1 -0.105441705625622828 0.002547064600300510614 0.1499999999999999667 #
-1786 straight-curve $-1 -0.1052417056256227806 0.002347064600300674889 1 0 0 -1 F 0.8499999999999999778 F 1 #
-1787 coedge $-1 $1747 $1827 $1828 $1829 forward $41 $-1 #
-1788 coedge $-1 $1830 $1831 $1747 $1789 reversed $1832 $-1 #
-1789 edge $-1 $1833 4.712388980384719872 $1793 6.283185307179589785 $1788 $1834 forward 7 unknown #
-1790 coedge $-1 $1762 $1748 $1831 $1835 forward $1792 $-1 #
-1791 coedge $-1 $1748 $1762 $1750 $1795 reversed $1792 $-1 #
-1792 loop $-1 $-1 $1762 $1836 #
-1793 vertex $-1 $1835 $1837 #
-1794 straight-curve $-1 -0.1062162056256230058 -0.006999999999999530036 0.1499999999999999944 0 1 0 F 0 F 0.0003999999999996395219 #
-1795 edge $-1 $1753 -1 $1764 -0.8499999999999999778 $1791 $1838 forward 7 unknown #
-1796 face $1839 $1756 $1752 $4 $-1 $1840 forward single #
-1797 point $-1 -0.1062162056256230058 -0.006599999999999889809 0.1499999999999999667 #
-1798 straight-curve $-1 -0.1067162056256230063 -0.006099999999999890232 1 0 0 -1 F 0.8499999999999999778 F 1 #
-1799 string_attrib-name_attrib-gen-attrib $-1 $-1 $-1 $1756 keep keep_kept ignore 17 ATTRIB_XACIS_NAME 4 NONE #
-1800 plane-surface $-1 -0.1067162056256230063 -0.006099999999999890232 1 0 -1 0 0 0 -1 forward_v F 0.8499999999999999778 F 1 F -0.0006000000000003640225 F 0 #
-1801 coedge $-1 $1841 $1761 $1842 $1843 reversed $123 $-1 #
-1802 coedge $-1 $1831 $1830 $1761 $1803 forward $1832 $-1 #
-1803 edge $-1 $1844 1.570796326794925868 $1804 3.14159265358979134 $1802 $1845 forward 7 unknown #
-1804 vertex $-1 $1803 $1846 #
-1805 straight-curve $-1 -0.1062162056256230058 -0.006999999999999530036 0 0 1 0 F 0 F 0.000399999999999631011 #
-1806 point $-1 -0.1062162056256230336 -0.006599999999999890676 0 #
-1807 coedge $-1 $1767 $1847 $1848 $1849 reversed $123 $-1 #
-1808 coedge $-1 $1780 $1779 $1767 $1809 forward $1781 $-1 #
-1809 edge $-1 $1810 0 $1850 0.0002278266258999360027 $1808 $1851 forward 7 unknown #
-1810 vertex $-1 $1769 $1852 #
-1811 ellipse-curve $-1 -0.1052417056256230027 0.002547064600300510181 0 0 0 -1 -0.0001999999999998329882 0 0 1 F 4.712388980384689674 F 6.283185307179589785 #
-1812 point $-1 -0.1052417056256228917 0.002347064600300677924 0 #
-1813 string_attrib-name_attrib-gen-attrib $-1 $-1 $-1 $1774 keep keep_kept ignore 17 ATTRIB_XACIS_NAME 4 NONE #
-1814 face $1853 $1854 $1821 $4 $-1 $1855 forward single #
-1815 plane-surface $-1 -0.1054417056256228002 0.002547064600300510181 1 -1 0 0 0 0 1 forward_v F -1 F -0.8499999999999999778 F 0 F 0.0002278266259001459314 #
-1816 coedge $-1 $1856 $1776 $1857 $1858 forward $41 $-1 #
-1817 coedge $-1 $1859 $1860 $1776 $1818 reversed $1861 $-1 #
-1818 edge $-1 $1822 0 $1862 0.00156549942303401508 $1817 $1863 forward 7 unknown #
-1819 coedge $-1 $1848 $1777 $1780 $1824 forward $1821 $-1 #
-1820 coedge $-1 $1777 $1848 $1859 $1864 reversed $1821 $-1 #
-1821 loop $-1 $-1 $1848 $1814 #
-1822 vertex $-1 $1864 $1865 #
-1823 ellipse-curve $-1 -0.1056417056256230003 0.002774891226200865146 0.1499999999999999944 0 0 1 0.0002000000000002555018 0 -0 1 F -1.049826892085548025e-12 F 1.350302565448654013 #
-1824 edge $-1 $1782 -1 $1850 -0.8499999999999999778 $1780 $1866 forward 7 unknown #
-1825 point $-1 -0.1054417056256227725 0.002774891226200551161 0.1499999999999999667 #
-1826 straight-curve $-1 -0.1054417056256228002 0.002547064600300510181 -0.8500000000000000888 -0 -0 -1 F -1 F -0.8499999999999999778 #
-1827 coedge $-1 $1787 $1867 $1868 $1869 forward $41 $-1 #
-1828 coedge $-1 $1870 $1871 $1787 $1829 reversed $1872 $-1 #
-1829 edge $-1 $1873 0 $1833 0.001799999999999705048 $1828 $1874 forward 7 unknown #
-1830 coedge $-1 $1802 $1788 $1871 $1875 forward $1832 $-1 #
-1831 coedge $-1 $1788 $1802 $1790 $1835 reversed $1832 $-1 #
-1832 loop $-1 $-1 $1802 $1876 #
-1833 vertex $-1 $1875 $1877 #
-1834 ellipse-curve $-1 -0.1067162056256233948 -0.006999999999999530036 0.1499999999999999944 0 0 1 0.0005000000000004690363 0 -0 1 F 4.712388980384719872 F 6.283185307179589785 #
-1835 edge $-1 $1793 -1 $1804 -0.8499999999999999778 $1831 $1878 forward 7 unknown #
-1836 face $1879 $1796 $1792 $4 $-1 $1880 reversed single #
-1837 point $-1 -0.1062162056256229642 -0.006999999999999530036 0.1499999999999999667 #
-1838 straight-curve $-1 -0.1062162056256230058 -0.00659999999999989935 -0.8500000000000000888 -0 -0 -1 F -1 F -0.8499999999999999778 #
-1839 string_attrib-name_attrib-gen-attrib $-1 $-1 $-1 $1796 keep keep_kept ignore 17 ATTRIB_XACIS_NAME 4 NONE #
-1840 cone-surface $-1 -0.1067162056256230063 -0.006599999999999880268 1 0 0 -1 -0.0005000000000000000104 0 0 1 F -3.141592653589793116 F 3.141592653589793116 0 1 1 forward I I I I #
-1841 coedge $-1 $1881 $1801 $1882 $1883 reversed $123 $-1 #
-1842 coedge $-1 $1871 $1870 $1801 $1843 forward $1872 $-1 #
-1843 edge $-1 $1884 0 $1844 0.001799999999999710035 $1842 $1885 forward 7 unknown #
-1844 vertex $-1 $1843 $1886 #
-1845 ellipse-curve $-1 -0.1067162056256233948 -0.006999999999999530036 0 0 0 1 -0.0005000000000004690363 0 0 1 F 1.570796326794925868 F 3.14159265358979134 #
-1846 point $-1 -0.1062162056256229781 -0.006999999999999526566 0 #
-1847 coedge $-1 $1807 $1887 $1888 $1889 reversed $123 $-1 #
-1848 coedge $-1 $1820 $1819 $1807 $1849 forward $1821 $-1 #
-1849 edge $-1 $1850 3.141592653588745954 $1890 4.491895219038485543 $1848 $1891 forward 7 unknown #
-1850 vertex $-1 $1809 $1892 #
-1851 straight-curve $-1 -0.1054417056256228002 0.002547064600300510181 0 0 1 0 F 0 F 0.0002278266258999360027 #
-1852 point $-1 -0.1054417056256227725 0.002547064600300510614 0 #
-1853 string_attrib-name_attrib-gen-attrib $-1 $-1 $-1 $1814 keep keep_kept ignore 17 ATTRIB_XACIS_NAME 4 NONE #
-1854 face $1893 $1894 $1861 $4 $-1 $1895 reversed single #
-1855 cone-surface $-1 -0.1056417056256230003 0.002774891226200865146 1 0 0 -1 -0.0002000000000002555018 0 0 1 F -3.141592653589793116 F 3.141592653589793116 0 1 1 forward I I I I #
-1856 coedge $-1 $1896 $1816 $1897 $1898 forward $41 $-1 #
-1857 coedge $-1 $1899 $1900 $1816 $1858 reversed $1901 $-1 #
-1858 edge $-1 $1862 1.791290088140883974 $1902 3.141592653592452322 $1857 $1903 forward 7 unknown #
-1859 coedge $-1 $1888 $1817 $1820 $1864 forward $1861 $-1 #
-1860 coedge $-1 $1817 $1888 $1899 $1904 reversed $1861 $-1 #
-1861 loop $-1 $-1 $1888 $1854 #
-1862 vertex $-1 $1904 $1905 #
-1863 straight-curve $-1 -0.1055979633342433999 0.002970049141605209976 0.1499999999999999944 -0.9757895770204749741 0.2187114568974440065 0 F 0 F 0.00156549942303401508 #
-1864 edge $-1 $1822 -1 $1890 -0.8499999999999999778 $1820 $1906 forward 7 unknown #
-1865 point $-1 -0.1055979633342434276 0.00297004914160521041 0.1499999999999999667 #
-1866 straight-curve $-1 -0.1054417056256228002 0.002774891226200446211 -0.8500000000000000888 -0 -0 -1 F -1 F -0.8499999999999999778 #
-1867 coedge $-1 $1827 $1907 $1908 $1909 forward $41 $-1 #
-1868 coedge $-1 $1910 $1911 $1827 $1869 reversed $1912 $-1 #
-1869 edge $-1 $1913 3.141592653589794892 $1873 4.712388980384689674 $1868 $1914 forward 7 unknown #
-1870 coedge $-1 $1842 $1828 $1911 $1915 forward $1872 $-1 #
-1871 coedge $-1 $1828 $1842 $1830 $1875 reversed $1872 $-1 #
-1872 loop $-1 $-1 $1842 $1916 #
-1873 vertex $-1 $1915 $1917 #
-1874 straight-curve $-1 -0.1085162056256231966 -0.007499999999999999722 0.1499999999999999944 1 0 -0 F 0 F 0.001799999999999705048 #
-1875 edge $-1 $1833 -1 $1844 -0.8499999999999999778 $1871 $1918 forward 7 unknown #
-1876 face $1919 $1836 $1832 $4 $-1 $1920 forward single #
-1877 point $-1 -0.1067162056256234365 -0.007499999999999999722 0.1499999999999999667 #
-1878 straight-curve $-1 -0.1062162056256230058 -0.006999999999999530036 -0.8500000000000000888 -0 -0 -1 F -1 F -0.8499999999999999778 #
-1879 string_attrib-name_attrib-gen-attrib $-1 $-1 $-1 $1836 keep keep_kept ignore 17 ATTRIB_XACIS_NAME 4 NONE #
-1880 plane-surface $-1 -0.1062162056256230058 -0.006999999999999530036 1 -1 0 0 0 0 1 forward_v F -1 F -0.8499999999999999778 F 0 F 0.0003999999999996393593 #
-1881 coedge $-1 $1921 $1841 $1922 $1923 reversed $123 $-1 #
-1882 coedge $-1 $1911 $1910 $1841 $1883 forward $1912 $-1 #
-1883 edge $-1 $1924 0 $1884 1.570796326794919651 $1882 $1925 forward 7 unknown #
-1884 vertex $-1 $1883 $1926 #
-1885 straight-curve $-1 -0.1085162056256231966 -0.007499999999999999722 0 1 0 0 F 0 F 0.001799999999999710035 #
-1886 point $-1 -0.1067162056256234504 -0.007499999999999996253 0 #
-1887 coedge $-1 $1847 $1927 $1928 $1929 reversed $123 $-1 #
-1888 coedge $-1 $1860 $1859 $1847 $1889 forward $1861 $-1 #
-1889 edge $-1 $1890 -0.001565499423034049991 $1930 0 $1888 $1931 forward 7 unknown #
-1890 vertex $-1 $1849 $1932 #
-1891 ellipse-curve $-1 -0.1056417056256230003 0.002774891226200865146 0 0 0 1 -0.0002000000000002555018 0 0 1 F 3.141592653588745954 F 4.491895219038485543 #
-1892 point $-1 -0.1054417056256227447 0.002774891226200552896 0 #
-1893 string_attrib-name_attrib-gen-attrib $-1 $-1 $-1 $1854 keep keep_kept ignore 17 ATTRIB_XACIS_NAME 4 NONE #
-1894 face $1933 $1934 $1901 $4 $-1 $1935 reversed single #
-1895 plane-surface $-1 -0.1055979633342433999 0.002970049141605209976 1 -0.2187114568974440065 -0.9757895770204749741 0 0.9757895770204749741 -0.2187114568974440065 0 forward_v F -0.001565499423034049991 F 0 F -1 F -0.8499999999999999778 #
-1896 coedge $-1 $1936 $1856 $1937 $1938 forward $41 $-1 #
-1897 coedge $-1 $1939 $1940 $1856 $1898 reversed $1941 $-1 #
-1898 edge $-1 $1902 0 $1942 0.002099663410299719857 $1897 $1943 forward 7 unknown #
-1899 coedge $-1 $1928 $1857 $1860 $1904 forward $1901 $-1 #
-1900 coedge $-1 $1857 $1928 $1939 $1944 reversed $1901 $-1 #
-1901 loop $-1 $-1 $1928 $1894 #
-1902 vertex $-1 $1944 $1945 #
-1903 ellipse-curve $-1 -0.107016205625623001 0.003800336589699360168 0.1499999999999999944 -0 0 -1 0.0005000000000000289586 0 -0 1 F 1.791290088140883974 F 3.141592653592452322 #
-1904 edge $-1 $1862 -1 $1930 -0.8499999999999999778 $1860 $1946 forward 7 unknown #
-1905 point $-1 -0.1071255613540716412 0.003312441801189080961 0.1499999999999999667 #
-1906 straight-curve $-1 -0.1055979633342433999 0.002970049141605209976 -0.8500000000000000888 -0 -0 -1 F -1 F -0.8499999999999999778 #
-1907 coedge $-1 $1867 $1947 $1948 $1949 forward $41 $-1 #
-1908 coedge $-1 $1950 $1951 $1867 $1909 reversed $1952 $-1 #
-1909 edge $-1 $1953 0 $1913 0.0003322330470000535094 $1908 $1954 forward 7 unknown #
-1910 coedge $-1 $1882 $1868 $1951 $1955 forward $1912 $-1 #
-1911 coedge $-1 $1868 $1882 $1870 $1915 reversed $1912 $-1 #
-1912 loop $-1 $-1 $1882 $1956 #
-1913 vertex $-1 $1955 $1957 #
-1914 ellipse-curve $-1 -0.1085162056256231966 -0.007000000000000000146 0.1499999999999999944 0 0 1 0.0005000000000000000104 0 -0 1 F 3.141592653589794892 F 4.712388980384689674 #
-1915 edge $-1 $1873 -1 $1884 -0.8499999999999999778 $1911 $1958 forward 7 unknown #
-1916 face $1959 $1876 $1872 $4 $-1 $1960 reversed single #
-1917 point $-1 -0.1085162056256231966 -0.007499999999999999722 0.1500000000000000222 #
-1918 straight-curve $-1 -0.106716205625623492 -0.007499999999999999722 -0.8500000000000000888 -0 0 -1 F -1 F -0.8499999999999999778 #
-1919 string_attrib-name_attrib-gen-attrib $-1 $-1 $-1 $1876 keep keep_kept ignore 17 ATTRIB_XACIS_NAME 4 NONE #
-1920 cone-surface $-1 -0.1067162056256233948 -0.006999999999999530036 1 0 0 -1 -0.0005000000000004690363 0 0 1 F -3.141592653589793116 F 3.141592653589793116 0 1 1 forward I I I I #
-1921 coedge $-1 $1961 $1881 $1962 $1963 reversed $123 $-1 #
-1922 coedge $-1 $1951 $1950 $1881 $1923 forward $1952 $-1 #
-1923 edge $-1 $1964 -0.0003322330470000364874 $1924 0 $1922 $1965 forward 7 unknown #
-1924 vertex $-1 $1923 $1966 #
-1925 ellipse-curve $-1 -0.1085162056256231966 -0.007000000000000000146 0 0 0 1 -0.0005000000000000000104 0 0 1 F 0 F 1.570796326794919651 #
-1926 point $-1 -0.1085162056256231966 -0.007499999999999992784 0 #
-1927 coedge $-1 $1887 $1967 $1968 $1969 reversed $123 $-1 #
-1928 coedge $-1 $1900 $1899 $1887 $1929 forward $1901 $-1 #
-1929 edge $-1 $1930 4.932882741730930221 $1970 6.283185307182249879 $1928 $1971 forward 7 unknown #
-1930 vertex $-1 $1889 $1972 #
-1931 straight-curve $-1 -0.1071255613540715995 0.003312441801189095272 0 -0.9757895770204749741 0.2187114568974440065 -0 F -0.001565499423034049991 F 0 #
-1932 point $-1 -0.1055979633342434276 0.002970049141605210843 0 #
-1933 string_attrib-name_attrib-gen-attrib $-1 $-1 $-1 $1894 keep keep_kept ignore 17 ATTRIB_XACIS_NAME 4 NONE #
-1934 face $1973 $1974 $1941 $4 $-1 $1975 reversed single #
-1935 cone-surface $-1 -0.107016205625623001 0.003800336589699360168 1 0 0 -1 -0.0005000000000000289586 0 0 1 F -3.141592653589793116 F 3.141592653589793116 0 1 1 forward I I I I #
-1936 coedge $-1 $1976 $1896 $1977 $1978 forward $41 $-1 #
-1937 coedge $-1 $1979 $1980 $1896 $1938 reversed $1981 $-1 #
-1938 edge $-1 $1942 3.141592653589793116 $1982 4.712388980384689674 $1937 $1983 forward 7 unknown #
-1939 coedge $-1 $1968 $1897 $1900 $1944 forward $1941 $-1 #
-1940 coedge $-1 $1897 $1968 $1979 $1984 reversed $1941 $-1 #
-1941 loop $-1 $-1 $1968 $1934 #
-1942 vertex $-1 $1984 $1985 #
-1943 straight-curve $-1 -0.1075162056256230014 0.003800336589700689834 0.1499999999999999944 0 1 0 F 0 F 0.002099663410299719857 #
-1944 edge $-1 $1902 -1 $1970 -0.8499999999999999778 $1900 $1986 forward 7 unknown #
-1945 point $-1 -0.1075162056256230153 0.003800336589700026302 0.1499999999999999667 #
-1946 straight-curve $-1 -0.1071255613540715995 0.003312441801189095272 -0.8500000000000000888 -0 -0 -1 F -1 F -0.8499999999999999778 #
-1947 coedge $-1 $1907 $1987 $1988 $1989 forward $41 $-1 #
-1948 coedge $-1 $1990 $1991 $1907 $1949 reversed $1992 $-1 #
-1949 edge $-1 $1993 3.926990816987263599 $1953 6.283185307179586232 $1948 $1994 forward 7 unknown #
-1950 coedge $-1 $1922 $1908 $1991 $1995 forward $1952 $-1 #
-1951 coedge $-1 $1908 $1922 $1910 $1955 reversed $1952 $-1 #
-1952 loop $-1 $-1 $1922 $1996 #
-1953 vertex $-1 $1995 $1997 #
-1954 straight-curve $-1 -0.1090162056256231971 -0.006667766952999950106 0.1499999999999999944 0 -1 0 F 0 F 0.0003322330470000535094 #
-1955 edge $-1 $1913 0.8499999999999999778 $1924 1 $1951 $1998 forward 7 unknown #
-1956 face $1999 $1916 $1912 $4 $-1 $2000 forward single #
-1957 point $-1 -0.1090162056256231971 -0.006999999999999994942 0.1500000000000000777 #
-1958 straight-curve $-1 -0.1085162056256231966 -0.007499999999999999722 -0.8500000000000000888 -0 0 -1 F -1 F -0.8499999999999999778 #
-1959 string_attrib-name_attrib-gen-attrib $-1 $-1 $-1 $1916 keep keep_kept ignore 17 ATTRIB_XACIS_NAME 4 NONE #
-1960 plane-surface $-1 -0.1085162056256231966 -0.007499999999999999722 1 0 1 0 0 -0 1 forward_v F -1 F -0.8499999999999999778 F 0 F 0.001799999999999710035 #
-1961 coedge $-1 $2001 $1921 $2002 $2003 reversed $123 $-1 #
-1962 coedge $-1 $1991 $1990 $1921 $1963 forward $1992 $-1 #
-1963 edge $-1 $2004 0.7853981633974720378 $1964 3.141592653603415108 $1962 $2005 forward 7 unknown #
-1964 vertex $-1 $1963 $2006 #
-1965 straight-curve $-1 -0.1090162056256231971 -0.006999999999999986268 0 0 -1 -0 F -0.0003322330470000364874 F 0 #
-1966 point $-1 -0.1090162056256231971 -0.00699999999999998887 0 #
-1967 coedge $-1 $1927 $2007 $2008 $2009 reversed $123 $-1 #
-1968 coedge $-1 $1940 $1939 $1927 $1969 forward $1941 $-1 #
-1969 edge $-1 $1970 0 $2010 0.002099663410299719857 $1968 $2011 forward 7 unknown #
-1970 vertex $-1 $1929 $2012 #
-1971 ellipse-curve $-1 -0.107016205625623001 0.003800336589699360168 0 0 0 -1 -0.0005000000000000289586 0 0 1 F 4.932882741730930221 F 6.283185307182249879 #
-1972 point $-1 -0.1071255613540716689 0.003312441801189097007 0 #
-1973 string_attrib-name_attrib-gen-attrib $-1 $-1 $-1 $1934 keep keep_kept ignore 17 ATTRIB_XACIS_NAME 4 NONE #
-1974 face $2013 $2014 $1981 $4 $-1 $2015 reversed single #
-1975 plane-surface $-1 -0.1075162056256230014 0.003800336589700689834 1 -1 0 0 0 0 1 forward_v F -1 F -0.8499999999999999778 F 0 F 0.002099663410299720291 #
-1976 coedge $-1 $2016 $1936 $2017 $2018 forward $41 $-1 #
-1977 coedge $-1 $2019 $2020 $1936 $1978 reversed $2021 $-1 #
-1978 edge $-1 $1982 0 $2022 0.0006000000000003919949 $1977 $2023 forward 7 unknown #
-1979 coedge $-1 $2008 $1937 $1940 $1984 forward $1981 $-1 #
-1980 coedge $-1 $1937 $2008 $2019 $2024 reversed $1981 $-1 #
-1981 loop $-1 $-1 $2008 $1974 #
-1982 vertex $-1 $2024 $2025 #
-1983 ellipse-curve $-1 -0.1073162056256229957 0.005900000000000410125 0.1499999999999999944 -0 0 -1 0.0001999999999999030006 0 -0 1 F 3.141592653589793116 F 4.712388980384689674 #
-1984 edge $-1 $1942 -1 $2010 -0.8499999999999999778 $1940 $2026 forward 7 unknown #
-1985 point $-1 -0.1075162056256229459 0.005900000000000410125 0.1499999999999999667 #
-1986 straight-curve $-1 -0.1075162056256230014 0.003800336589700689834 -0.8500000000000000888 -0 -0 -1 F -1 F -0.8499999999999999778 #
-1987 coedge $-1 $1947 $2027 $2028 $2029 forward $41 $-1 #
-1988 coedge $-1 $2030 $2031 $1947 $1989 reversed $2032 $-1 #
-1989 edge $-1 $2033 0 $1993 0.001469848480954818017 $1988 $2034 forward 7 unknown #
-1990 coedge $-1 $1962 $1948 $2031 $2035 forward $1992 $-1 #
-1991 coedge $-1 $1948 $1962 $1950 $1995 reversed $1992 $-1 #
-1992 loop $-1 $-1 $1962 $2036 #
-1993 vertex $-1 $2035 $2037 #
-1994 ellipse-curve $-1 -0.1095162056256231975 -0.006667766952986329924 0.1499999999999999944 -0 0 -1 0.0004999999999998989628 0 -0 1 F 3.926990816987263599 F 6.283185307179586232 #
-1995 edge $-1 $1953 0.8499999999999999778 $1964 1 $1991 $2038 forward 7 unknown #
-1996 face $2039 $1956 $1952 $4 $-1 $2040 reversed single #
-1997 point $-1 -0.1090162056256232526 -0.006667766952993139581 0.1500000000000000222 #
-1998 straight-curve $-1 -0.1090162056256231971 -0.006999999999999986268 1 0 0 -1 F 0.8499999999999999778 F 1 #
-1999 string_attrib-name_attrib-gen-attrib $-1 $-1 $-1 $1956 keep keep_kept ignore 17 ATTRIB_XACIS_NAME 4 NONE #
-2000 cone-surface $-1 -0.1085162056256231966 -0.007000000000000000146 1 0 0 -1 -0.0005000000000000000104 0 0 1 F -3.141592653589793116 F 3.141592653589793116 0 1 1 forward I I I I #
-2001 coedge $-1 $2041 $1961 $2042 $2043 reversed $123 $-1 #
-2002 coedge $-1 $2031 $2030 $1961 $2003 forward $2032 $-1 #
-2003 edge $-1 $2044 -0.001469848480954813897 $2004 0 $2002 $2045 forward 7 unknown #
-2004 vertex $-1 $2003 $2046 #
-2005 ellipse-curve $-1 -0.1095162056256231975 -0.006667766952986329924 0 0 0 -1 -0.0004999999999998989628 0 0 1 F 0.7853981633974720378 F 3.141592653603415108 #
-2006 point $-1 -0.1090162056256232526 -0.006667766952996539639 0 #
-2007 coedge $-1 $1967 $2047 $2048 $2049 reversed $123 $-1 #
-2008 coedge $-1 $1980 $1979 $1967 $2009 forward $1981 $-1 #
-2009 edge $-1 $2010 0 $2050 1.57079632679550496 $2008 $2051 forward 7 unknown #
-2010 vertex $-1 $1969 $2052 #
-2011 straight-curve $-1 -0.1075162056256230014 0.003800336589700689834 0 0 1 0 F 0 F 0.002099663410299719857 #
-2012 point $-1 -0.1075162056256229737 0.00380033658970068593 0 #
-2013 string_attrib-name_attrib-gen-attrib $-1 $-1 $-1 $1974 keep keep_kept ignore 17 ATTRIB_XACIS_NAME 4 NONE #
-2014 face $2053 $2054 $2021 $4 $-1 $2055 reversed single #
-2015 cone-surface $-1 -0.1073162056256229957 0.005900000000000410125 1 0 0 -1 -0.0001999999999999030006 0 0 1 F -3.141592653589793116 F 3.141592653589793116 0 1 1 forward I I I I #
-2016 coedge $-1 $2056 $1976 $2057 $2058 forward $41 $-1 #
-2017 coedge $-1 $2059 $2060 $1976 $2018 reversed $2061 $-1 #
-2018 edge $-1 $2022 4.712388980385609827 $2062 6.283185307179589785 $2017 $2063 forward 7 unknown #
-2019 coedge $-1 $2048 $1977 $1980 $2024 forward $2021 $-1 #
-2020 coedge $-1 $1977 $2048 $2059 $2064 reversed $2021 $-1 #
-2021 loop $-1 $-1 $2048 $2014 #
-2022 vertex $-1 $2064 $2065 #
-2023 straight-curve $-1 -0.1073162056256229957 0.006100000000000310035 0.1499999999999999944 1 0 -0 F 0 F 0.0006000000000003919949 #
-2024 edge $-1 $1982 -1 $2050 -0.8499999999999999778 $1980 $2066 forward 7 unknown #
-2025 point $-1 -0.1073162056256229402 0.00610000000000031177 0.1499999999999999667 #
-2026 straight-curve $-1 -0.1075162056256230014 0.005900000000000410125 -0.8500000000000000888 -0 -0 -1 F -1 F -0.8499999999999999778 #
-2027 coedge $-1 $1987 $2067 $2068 $2069 forward $41 $-1 #
-2028 coedge $-1 $2070 $2071 $1987 $2029 reversed $2072 $-1 #
-2029 edge $-1 $2073 4.712388980357520296 $2033 5.497787143782169927 $2028 $2074 forward 7 unknown #
-2030 coedge $-1 $2002 $1988 $2071 $2075 forward $2032 $-1 #
-2031 coedge $-1 $1988 $2002 $1990 $2035 reversed $2032 $-1 #
-2032 loop $-1 $-1 $2002 $2076 #
-2033 vertex $-1 $2075 $2077 #
-2034 straight-curve $-1 -0.1109090988444162013 -0.007353553390593109591 0.1499999999999999944 0.7071067811865475727 0.7071067811865475727 0 F 0 F 0.001469848480954818017 #
-2035 edge $-1 $1993 -1 $2004 -0.8499999999999999778 $2031 $2078 forward 7 unknown #
-2036 face $2079 $1996 $1992 $4 $-1 $2080 reversed single #
-2037 point $-1 -0.1098697590162163451 -0.006314213562393165835 0.1499999999999999667 #
-2038 straight-curve $-1 -0.1090162056256231971 -0.006667766952999950106 1 0 0 -1 F 0.8499999999999999778 F 1 #
-2039 string_attrib-name_attrib-gen-attrib $-1 $-1 $-1 $1996 keep keep_kept ignore 17 ATTRIB_XACIS_NAME 4 NONE #
-2040 plane-surface $-1 -0.1090162056256231971 -0.006667766952999950106 1 1 0 0 0 0 -1 forward_v F 0.8499999999999999778 F 1 F -0.0003322330470000535094 F 0 #
-2041 coedge $-1 $2081 $2001 $2082 $2083 reversed $123 $-1 #
-2042 coedge $-1 $2071 $2070 $2001 $2043 forward $2072 $-1 #
-2043 edge $-1 $2084 1.57079632676772718 $2044 2.356194490192347057 $2042 $2085 forward 7 unknown #
-2044 vertex $-1 $2043 $2086 #
-2045 straight-curve $-1 -0.1098697590162163035 -0.006314213562393214407 0 0.7071067811865475727 0.7071067811865475727 -0 F -0.001469848480954813897 F 0 #
-2046 point $-1 -0.1098697590162163729 -0.006314213562393162366 0 #
-2047 coedge $-1 $2007 $2087 $2088 $2089 reversed $123 $-1 #
-2048 coedge $-1 $2020 $2019 $2007 $2049 forward $2021 $-1 #
-2049 edge $-1 $2050 0 $2090 0.0006000000000003640225 $2048 $2091 forward 7 unknown #
-2050 vertex $-1 $2009 $2092 #
-2051 ellipse-curve $-1 -0.1073162056256229957 0.005900000000000410125 0 0 0 -1 -0.0001999999999999030006 0 0 1 F 0 F 1.57079632679550496 #
-2052 point $-1 -0.1075162056256229459 0.005900000000000415329 0 #
-2053 string_attrib-name_attrib-gen-attrib $-1 $-1 $-1 $2014 keep keep_kept ignore 17 ATTRIB_XACIS_NAME 4 NONE #
-2054 face $2093 $2094 $2061 $4 $-1 $2095 forward single #
-2055 plane-surface $-1 -0.1073162056256229957 0.006100000000000310035 1 0 1 0 0 -0 1 forward_v F -1 F -0.8499999999999999778 F 0 F 0.0006000000000003918865 #
-2056 coedge $-1 $2096 $2016 $2097 $2098 forward $41 $-1 #
-2057 coedge $-1 $2099 $2100 $2016 $2058 reversed $2101 $-1 #
-2058 edge $-1 $2062 0 $2102 0.0003999999999999629937 $2057 $2103 forward 7 unknown #
-2059 coedge $-1 $2088 $2017 $2020 $2064 forward $2061 $-1 #
-2060 coedge $-1 $2017 $2088 $2099 $2104 reversed $2061 $-1 #
-2061 loop $-1 $-1 $2088 $2054 #
-2062 vertex $-1 $2104 $2105 #
-2063 ellipse-curve $-1 -0.1067162056256230063 0.006600000000000229815 0.1499999999999999944 0 0 1 0.0004999999999999100216 0 -0 1 F 4.712388980385609827 F 6.283185307179589785 #
-2064 edge $-1 $2022 -1 $2090 -0.8499999999999999778 $2020 $2106 forward 7 unknown #
-2065 point $-1 -0.1067162056256225899 0.00610000000000031524 0.1499999999999999667 #
-2066 straight-curve $-1 -0.1073162056256229957 0.006100000000000310035 -0.8500000000000000888 -0 0 -1 F -1 F -0.8499999999999999778 #
-2067 coedge $-1 $2027 $2107 $2108 $2109 forward $41 $-1 #
-2068 coedge $-1 $2110 $2111 $2027 $2069 reversed $2112 $-1 #
-2069 edge $-1 $2113 0 $2073 0.0006035533905996569477 $2068 $2114 forward 7 unknown #
-2070 coedge $-1 $2042 $2028 $2111 $2115 forward $2072 $-1 #
-2071 coedge $-1 $2028 $2042 $2030 $2075 reversed $2072 $-1 #
-2072 loop $-1 $-1 $2042 $2116 #
-2073 vertex $-1 $2115 $2117 #
-2074 ellipse-curve $-1 -0.1112626522350100011 -0.006999999999999510086 0.1499999999999999944 0 0 1 0.0005000000000004700121 0 -0 1 F 4.712388980357520296 F 5.497787143782169927 #
-2075 edge $-1 $2033 -1 $2044 -0.8499999999999999778 $2071 $2118 forward 7 unknown #
-2076 face $2119 $2036 $2032 $4 $-1 $2120 reversed single #
-2077 point $-1 -0.1109090988444162984 -0.007353553390593110459 0.1499999999999999667 #
-2078 straight-curve $-1 -0.1098697590162163035 -0.006314213562393214407 -0.8500000000000000888 -0 -0 -1 F -1 F -0.8499999999999999778 #
-2079 string_attrib-name_attrib-gen-attrib $-1 $-1 $-1 $2036 keep keep_kept ignore 17 ATTRIB_XACIS_NAME 4 NONE #
-2080 cone-surface $-1 -0.1095162056256231975 -0.006667766952986329924 1 0 0 -1 -0.0004999999999998989628 0 0 1 F -3.141592653589793116 F 3.141592653589793116 0 1 1 forward I I I I #
-2081 coedge $-1 $2121 $2041 $2122 $2123 reversed $123 $-1 #
-2082 coedge $-1 $2111 $2110 $2041 $2083 forward $2112 $-1 #
-2083 edge $-1 $2124 0 $2084 0.000603553390599695979 $2082 $2125 forward 7 unknown #
-2084 vertex $-1 $2083 $2126 #
-2085 ellipse-curve $-1 -0.1112626522350100011 -0.006999999999999510086 0 0 0 1 -0.0005000000000004700121 0 0 1 F 1.57079632676772718 F 2.356194490192347057 #
-2086 point $-1 -0.1109090988444162984 -0.007353553390593111326 0 #
-2087 coedge $-1 $2047 $2127 $2128 $2129 reversed $123 $-1 #
-2088 coedge $-1 $2060 $2059 $2047 $2089 forward $2061 $-1 #
-2089 edge $-1 $2090 1.570796326795806053 $2130 3.14159265358979134 $2088 $2131 forward 7 unknown #
-2090 vertex $-1 $2049 $2132 #
-2091 straight-curve $-1 -0.1073162056256229957 0.006100000000000310035 0 1 0 0 F 0 F 0.0006000000000003640225 #
-2092 point $-1 -0.1073162056256229402 0.00610000000000031524 0 #
-2093 string_attrib-name_attrib-gen-attrib $-1 $-1 $-1 $2054 keep keep_kept ignore 17 ATTRIB_XACIS_NAME 4 NONE #
-2094 face $2133 $2134 $2101 $4 $-1 $2135 reversed single #
-2095 cone-surface $-1 -0.1067162056256230063 0.006600000000000229815 1 0 0 -1 -0.0004999999999999100216 0 0 1 F -3.141592653589793116 F 3.141592653589793116 0 1 1 forward I I I I #
-2096 coedge $-1 $2136 $2056 $2137 $2138 forward $41 $-1 #
-2097 coedge $-1 $2139 $2140 $2056 $2098 reversed $2141 $-1 #
-2098 edge $-1 $2102 2.792904796322654878e-13 $2142 1.570796326794895004 $2097 $2143 forward 7 unknown #
-2099 coedge $-1 $2128 $2057 $2060 $2104 forward $2101 $-1 #
-2100 coedge $-1 $2057 $2128 $2139 $2144 reversed $2101 $-1 #
-2101 loop $-1 $-1 $2128 $2094 #
-2102 vertex $-1 $2144 $2145 #
-2103 straight-curve $-1 -0.1062162056256230058 0.006600000000000229815 0.1499999999999999944 0 1 0 F 0 F 0.0003999999999999629937 #
-2104 edge $-1 $2062 -1 $2130 -0.8499999999999999778 $2060 $2146 forward 7 unknown #
-2105 point $-1 -0.1062162056256230613 0.006600000000000228947 0.1499999999999999667 #
-2106 straight-curve $-1 -0.1067162056256226316 0.006100000000000310035 -0.8500000000000000888 -0 0 -1 F -1 F -0.8499999999999999778 #
-2107 coedge $-1 $2067 $2147 $2148 $2149 forward $41 $-1 #
-2108 coedge $-1 $2150 $2151 $2067 $2109 reversed $2152 $-1 #
-2109 edge $-1 $2153 3.141592653589794892 $2113 4.712388980384689674 $2108 $2154 forward 7 unknown #
-2110 coedge $-1 $2082 $2068 $2151 $2155 forward $2112 $-1 #
-2111 coedge $-1 $2068 $2082 $2070 $2115 reversed $2112 $-1 #
-2112 loop $-1 $-1 $2082 $2156 #
-2113 vertex $-1 $2155 $2157 #
-2114 straight-curve $-1 -0.1118662056256229942 -0.007499999999999999722 0.1499999999999999944 1 0 -0 F 0 F 0.0006035533905996569477 #
-2115 edge $-1 $2073 -1 $2084 -0.8499999999999999778 $2111 $2158 forward 7 unknown #
-2116 face $2159 $2076 $2072 $4 $-1 $2160 forward single #
-2117 point $-1 -0.1112626522350234348 -0.007499999999999989314 0.1499999999999999667 #
-2118 straight-curve $-1 -0.1109090988444162013 -0.007353553390593109591 -0.8500000000000000888 -0 -0 -1 F -1 F -0.8499999999999999778 #
-2119 string_attrib-name_attrib-gen-attrib $-1 $-1 $-1 $2076 keep keep_kept ignore 17 ATTRIB_XACIS_NAME 4 NONE #
-2120 plane-surface $-1 -0.1109090988444162013 -0.007353553390593109591 1 -0.7071067811865475727 0.7071067811865475727 0 -0.7071067811865475727 -0.7071067811865475727 0 forward_v F -0.001469848480954813897 F 1.165302996679364468e-17 F -1 F -0.8499999999999999778 #
-2121 coedge $-1 $2161 $2081 $2162 $2163 reversed $123 $-1 #
-2122 coedge $-1 $2151 $2150 $2081 $2123 forward $2152 $-1 #
-2123 edge $-1 $2164 0 $2124 1.570796326794860143 $2122 $2165 forward 7 unknown #
-2124 vertex $-1 $2123 $2166 #
-2125 straight-curve $-1 -0.1118662056256229942 -0.007499999999999999722 0 1 0 0 F 0 F 0.000603553390599695979 #
-2126 point $-1 -0.1112626522350234348 -0.007499999999999986712 0 #
-2127 coedge $-1 $2087 $2167 $2168 $2169 reversed $123 $-1 #
-2128 coedge $-1 $2100 $2099 $2087 $2129 forward $2101 $-1 #
-2129 edge $-1 $2130 0 $2170 0.0004000000000001024763 $2128 $2171 forward 7 unknown #
-2130 vertex $-1 $2089 $2172 #
-2131 ellipse-curve $-1 -0.1067162056256230063 0.006600000000000229815 0 0 0 1 -0.0004999999999999100216 0 0 1 F 1.570796326795806053 F 3.14159265358979134 #
-2132 point $-1 -0.1067162056256225899 0.00610000000000031524 0 #
-2133 string_attrib-name_attrib-gen-attrib $-1 $-1 $-1 $2094 keep keep_kept ignore 17 ATTRIB_XACIS_NAME 4 NONE #
-2134 face $2173 $2174 $2141 $4 $-1 $2175 forward single #
-2135 plane-surface $-1 -0.1062162056256230058 0.006600000000000229815 1 -1 0 0 0 0 1 forward_v F -1 F -0.8499999999999999778 F 0 F 0.0004000000000001024763 #
-2136 coedge $-1 $2176 $2096 $2177 $2178 forward $41 $-1 #
-2137 coedge $-1 $2179 $2180 $2096 $2138 reversed $2181 $-1 #
-2138 edge $-1 $2142 0 $2182 0.001799999999999970027 $2137 $2183 forward 7 unknown #
-2139 coedge $-1 $2168 $2097 $2100 $2144 forward $2141 $-1 #
-2140 coedge $-1 $2097 $2168 $2179 $2184 reversed $2141 $-1 #
-2141 loop $-1 $-1 $2168 $2134 #
-2142 vertex $-1 $2184 $2185 #
-2143 ellipse-curve $-1 -0.1067162056256230063 0.007000000000000000146 0.1499999999999999944 0 0 1 0.0005000000000000000104 0 -0 1 F 2.792904796322654878e-13 F 1.570796326794895004 #
-2144 edge $-1 $2102 -1 $2170 -0.8499999999999999778 $2100 $2186 forward 7 unknown #
-2145 point $-1 -0.1062162056256230058 0.007000000000000235201 0.1499999999999999667 #
-2146 straight-curve $-1 -0.1062162056256230058 0.006600000000000229815 -0.8500000000000000888 -0 -0 -1 F -1 F -0.8499999999999999778 #
-2147 coedge $-1 $2107 $2187 $2188 $2189 forward $41 $-1 #
-2148 coedge $-1 $2190 $2191 $2107 $2149 reversed $2192 $-1 #
-2149 edge $-1 $2193 0 $2153 0.0006035533906143129759 $2148 $2194 forward 7 unknown #
-2150 coedge $-1 $2122 $2108 $2191 $2195 forward $2152 $-1 #
-2151 coedge $-1 $2108 $2122 $2110 $2155 reversed $2152 $-1 #
-2152 loop $-1 $-1 $2122 $2196 #
-2153 vertex $-1 $2195 $2197 #
-2154 ellipse-curve $-1 -0.1118662056256229942 -0.007250000000000000368 0.1499999999999999944 0 0 1 0.0002500000000000114977 0 -0 1 F 3.141592653589794892 F 4.712388980384689674 #
-2155 edge $-1 $2113 -1 $2124 -0.8499999999999999778 $2151 $2198 forward 7 unknown #
-2156 face $2199 $2116 $2112 $4 $-1 $2200 reversed single #
-2157 point $-1 -0.1118662056256229942 -0.007500000000000005794 0.1500000000000000222 #
-2158 straight-curve $-1 -0.111262652235023296 -0.007499999999999999722 -0.8500000000000000888 -0 0 -1 F -1 F -0.8499999999999999778 #
-2159 string_attrib-name_attrib-gen-attrib $-1 $-1 $-1 $2116 keep keep_kept ignore 17 ATTRIB_XACIS_NAME 4 NONE #
-2160 cone-surface $-1 -0.1112626522350100011 -0.006999999999999510086 1 0 0 -1 -0.0005000000000004700121 0 0 1 F -3.141592653589793116 F 3.141592653589793116 0 1 1 forward I I I I #
-2161 coedge $-1 $2201 $2121 $2202 $2203 reversed $123 $-1 #
-2162 coedge $-1 $2191 $2190 $2121 $2163 forward $2192 $-1 #
-2163 edge $-1 $2204 -0.0006035533906143309736 $2164 0 $2162 $2205 forward 7 unknown #
-2164 vertex $-1 $2163 $2206 #
-2165 ellipse-curve $-1 -0.1118662056256229942 -0.007250000000000000368 0 0 0 1 -0.0002500000000000114977 0 0 1 F 0 F 1.570796326794860143 #
-2166 point $-1 -0.1118662056256230636 -0.007499999999999996253 0 #
-2167 coedge $-1 $2127 $2207 $2208 $2209 reversed $123 $-1 #
-2168 coedge $-1 $2140 $2139 $2127 $2169 forward $2141 $-1 #
-2169 edge $-1 $2170 3.141592653590071116 $2210 4.71238898038469145 $2168 $2211 forward 7 unknown #
-2170 vertex $-1 $2129 $2212 #
-2171 straight-curve $-1 -0.1062162056256230058 0.006600000000000229815 0 0 1 0 F 0 F 0.0004000000000001024763 #
-2172 point $-1 -0.1062162056256230613 0.006600000000000234152 0 #
-2173 string_attrib-name_attrib-gen-attrib $-1 $-1 $-1 $2134 keep keep_kept ignore 17 ATTRIB_XACIS_NAME 4 NONE #
-2174 face $2213 $2214 $2181 $4 $-1 $2215 reversed single #
-2175 cone-surface $-1 -0.1067162056256230063 0.007000000000000000146 1 0 0 -1 -0.0005000000000000000104 0 0 1 F -3.141592653589793116 F 3.141592653589793116 0 1 1 forward I I I I #
-2176 coedge $-1 $2216 $2136 $2217 $2218 forward $41 $-1 #
-2177 coedge $-1 $2219 $2220 $2136 $2178 reversed $2221 $-1 #
-2178 edge $-1 $2182 1.570796326794785092 $2222 3.141592653589794892 $2177 $2223 forward 7 unknown #
-2179 coedge $-1 $2208 $2137 $2140 $2184 forward $2181 $-1 #
-2180 coedge $-1 $2137 $2208 $2219 $2224 reversed $2181 $-1 #
-2181 loop $-1 $-1 $2208 $2174 #
-2182 vertex $-1 $2224 $2225 #
-2183 straight-curve $-1 -0.1067162056256230063 0.007499999999999999722 0.1499999999999999944 -1 0 0 F 0 F 0.001799999999999970027 #
-2184 edge $-1 $2142 0.8499999999999999778 $2210 1 $2140 $2226 forward 7 unknown #
-2185 point $-1 -0.1067162056256230063 0.007499999999999999722 0.1500000000000000222 #
-2186 straight-curve $-1 -0.1062162056256230058 0.007000000000000332345 -0.8500000000000000888 -0 -0 -1 F -1 F -0.8499999999999999778 #
-2187 coedge $-1 $2147 $2227 $2228 $2229 forward $41 $-1 #
-2188 coedge $-1 $2230 $2231 $2147 $2189 reversed $2232 $-1 #
-2189 edge $-1 $2233 2.356194490212665027 $2193 3.141592653589829975 $2188 $2234 forward 7 unknown #
-2190 coedge $-1 $2162 $2148 $2231 $2235 forward $2192 $-1 #
-2191 coedge $-1 $2148 $2162 $2150 $2195 reversed $2192 $-1 #
-2192 loop $-1 $-1 $2162 $2236 #
-2193 vertex $-1 $2235 $2237 #
-2194 straight-curve $-1 -0.1121162056256232026 -0.006646446609385660287 0.1499999999999999944 0 -1 0 F 0 F 0.0006035533906143129759 #
-2195 edge $-1 $2153 0.8499999999999999778 $2164 1 $2191 $2238 forward 7 unknown #
-2196 face $2239 $2156 $2152 $4 $-1 $2240 forward single #
-2197 point $-1 -0.1121162056256231054 -0.007249999999999987357 0.1500000000000000777 #
-2198 straight-curve $-1 -0.1118662056256229942 -0.007499999999999999722 -0.8500000000000000888 -0 0 -1 F -1 F -0.8499999999999999778 #
-2199 string_attrib-name_attrib-gen-attrib $-1 $-1 $-1 $2156 keep keep_kept ignore 17 ATTRIB_XACIS_NAME 4 NONE #
-2200 plane-surface $-1 -0.1118662056256229942 -0.007499999999999999722 1 0 1 0 0 -0 1 forward_v F -1 F -0.8499999999999999778 F 0 F 0.000603553390599695979 #
-2201 coedge $-1 $2241 $2161 $2242 $2243 reversed $123 $-1 #
-2202 coedge $-1 $2231 $2230 $2161 $2203 forward $2232 $-1 #
-2203 edge $-1 $2244 5.497787143802463028 $2204 6.283185307179603996 $2202 $2245 forward 7 unknown #
-2204 vertex $-1 $2203 $2246 #
-2205 straight-curve $-1 -0.1121162056256232026 -0.007249999999999990827 0 0 -1 -0 F -0.0006035533906143309736 F 0 #
-2206 point $-1 -0.1121162056256231054 -0.007249999999999994296 0 #
-2207 coedge $-1 $2167 $2247 $2248 $2249 reversed $123 $-1 #
-2208 coedge $-1 $2180 $2179 $2167 $2209 forward $2181 $-1 #
-2209 edge $-1 $2210 -0.001799999999999975014 $2250 0 $2208 $2251 forward 7 unknown #
-2210 vertex $-1 $2169 $2252 #
-2211 ellipse-curve $-1 -0.1067162056256230063 0.007000000000000000146 0 0 0 1 -0.0005000000000000000104 0 0 1 F 3.141592653590071116 F 4.71238898038469145 #
-2212 point $-1 -0.1062162056256230336 0.007000000000000235201 0 #
-2213 string_attrib-name_attrib-gen-attrib $-1 $-1 $-1 $2174 keep keep_kept ignore 17 ATTRIB_XACIS_NAME 4 NONE #
-2214 face $2253 $2254 $2221 $4 $-1 $2255 forward single #
-2215 plane-surface $-1 -0.1067162056256230063 0.007499999999999999722 1 0 -1 0 0 0 -1 forward_v F 0.8499999999999999778 F 1 F -0.001799999999999975014 F 0 #
-2216 coedge $-1 $2256 $2176 $2257 $2258 forward $41 $-1 #
-2217 coedge $-1 $2259 $2260 $2176 $2218 reversed $2261 $-1 #
-2218 edge $-1 $2222 0 $2262 0.0003322330470136209985 $2217 $2263 forward 7 unknown #
-2219 coedge $-1 $2248 $2177 $2180 $2224 forward $2221 $-1 #
-2220 coedge $-1 $2177 $2248 $2259 $2264 reversed $2221 $-1 #
-2221 loop $-1 $-1 $2248 $2214 #
-2222 vertex $-1 $2264 $2265 #
-2223 ellipse-curve $-1 -0.1085162056256230023 0.007000000000000000146 0.1499999999999999944 0 0 1 0.0004999999999999799527 0 -0 1 F 1.570796326794785092 F 3.141592653589794892 #
-2224 edge $-1 $2182 0.8499999999999999778 $2250 1 $2180 $2266 forward 7 unknown #
-2225 point $-1 -0.1085162056256229607 0.007499999999999989314 0.1500000000000000777 #
-2226 straight-curve $-1 -0.1067162056256230063 0.007499999999999999722 1 0 0 -1 F 0.8499999999999999778 F 1 #
-2227 coedge $-1 $2187 $2267 $2268 $2269 forward $41 $-1 #
-2228 coedge $-1 $2270 $2271 $2187 $2229 reversed $2272 $-1 #
-2229 edge $-1 $2273 0 $2233 0.001469848480955275984 $2228 $2274 forward 7 unknown #
-2230 coedge $-1 $2202 $2188 $2271 $2275 forward $2232 $-1 #
-2231 coedge $-1 $2188 $2202 $2190 $2235 reversed $2232 $-1 #
-2232 loop $-1 $-1 $2202 $2276 #
-2233 vertex $-1 $2275 $2277 #
-2234 ellipse-curve $-1 -0.1116162056256236046 -0.006646446609385649879 0.1499999999999999944 0 0 1 0.0004999999999994750397 0 -0 1 F 2.356194490212665027 F 3.141592653589829975 #
-2235 edge $-1 $2193 0.8499999999999999778 $2204 1 $2231 $2278 forward 7 unknown #
-2236 face $2279 $2196 $2192 $4 $-1 $2280 reversed single #
-2237 point $-1 -0.1121162056256231332 -0.006646446609385658552 0.1500000000000000222 #
-2238 straight-curve $-1 -0.1121162056256232026 -0.007249999999999990827 1 0 0 -1 F 0.8499999999999999778 F 1 #
-2239 string_attrib-name_attrib-gen-attrib $-1 $-1 $-1 $2196 keep keep_kept ignore 17 ATTRIB_XACIS_NAME 4 NONE #
-2240 cone-surface $-1 -0.1118662056256229942 -0.007250000000000000368 1 0 0 -1 -0.0002500000000000114977 0 0 1 F -3.141592653589793116 F 3.141592653589793116 0 1 1 forward I I I I #
-2241 coedge $-1 $2281 $2201 $2282 $2283 reversed $123 $-1 #
-2242 coedge $-1 $2271 $2270 $2201 $2243 forward $2272 $-1 #
-2243 edge $-1 $2284 -0.001469848480955272081 $2244 0 $2242 $2285 forward 7 unknown #
-2244 vertex $-1 $2243 $2286 #
-2245 ellipse-curve $-1 -0.1116162056256236046 -0.006646446609385649879 0 0 0 1 -0.0004999999999994750397 0 0 1 F 5.497787143802463028 F 6.283185307179603996 #
-2246 point $-1 -0.1121162056256231332 -0.006646446609385655083 0 #
-2247 coedge $-1 $2207 $2287 $2288 $2289 reversed $123 $-1 #
-2248 coedge $-1 $2220 $2219 $2207 $2249 forward $2221 $-1 #
-2249 edge $-1 $2250 4.712388980384586645 $2290 6.283185307179586232 $2248 $2291 forward 7 unknown #
-2250 vertex $-1 $2209 $2292 #
-2251 straight-curve $-1 -0.1085162056256229746 0.007499999999999999722 0 -1 -0 -0 F -0.001799999999999975014 F 0 #
-2252 point $-1 -0.106716205625623034 0.007500000000000020539 0 #
-2253 string_attrib-name_attrib-gen-attrib $-1 $-1 $-1 $2214 keep keep_kept ignore 17 ATTRIB_XACIS_NAME 4 NONE #
-2254 face $2293 $2294 $2261 $4 $-1 $2295 reversed single #
-2255 cone-surface $-1 -0.1085162056256230023 0.007000000000000000146 1 0 0 -1 -0.0004999999999999799527 0 0 1 F -3.141592653589793116 F 3.141592653589793116 0 1 1 forward I I I I #
-2256 coedge $-1 $2296 $2216 $2297 $2298 forward $41 $-1 #
-2257 coedge $-1 $2299 $2300 $2216 $2258 reversed $2301 $-1 #
-2258 edge $-1 $2262 0 $2302 2.356194490211413139 $2257 $2303 forward 7 unknown #
-2259 coedge $-1 $2288 $2217 $2220 $2264 forward $2261 $-1 #
-2260 coedge $-1 $2217 $2288 $2299 $2304 reversed $2261 $-1 #
-2261 loop $-1 $-1 $2288 $2254 #
-2262 vertex $-1 $2304 $2305 #
-2263 straight-curve $-1 -0.1090162056256230028 0.007000000000000000146 0.1499999999999999944 0 -1 0 F 0 F 0.0003322330470136209985 #
-2264 edge $-1 $2222 0.8499999999999999778 $2290 1 $2220 $2306 forward 7 unknown #
-2265 point $-1 -0.1090162056256230028 0.006999999999999999278 0.1500000000000000777 #
-2266 straight-curve $-1 -0.1085162056256229746 0.007499999999999999722 1 0 0 -1 F 0.8499999999999999778 F 1 #
-2267 coedge $-1 $2227 $2307 $2308 $2309 forward $41 $-1 #
-2268 coedge $-1 $2310 $2311 $2227 $2269 reversed $2312 $-1 #
-2269 edge $-1 $2313 4.712388980384690562 $2273 7.068583470595664053 $2268 $2314 forward 7 unknown #
-2270 coedge $-1 $2242 $2228 $2311 $2315 forward $2272 $-1 #
-2271 coedge $-1 $2228 $2242 $2230 $2275 reversed $2272 $-1 #
-2272 loop $-1 $-1 $2242 $2316 #
-2273 vertex $-1 $2315 $2317 #
-2274 straight-curve $-1 -0.1109304191880234047 -0.005253553390599769758 0.1499999999999999944 -0.7071067811865535679 -0.7071067811865415775 0 F 0 F 0.001469848480955275984 #
-2275 edge $-1 $2233 -1 $2244 -0.8499999999999999778 $2271 $2318 forward 7 unknown #
-2276 face $2319 $2236 $2232 $4 $-1 $2320 forward single #
-2277 point $-1 -0.1119697590162236633 -0.006292893218799956376 0.1499999999999999667 #
-2278 straight-curve $-1 -0.1121162056256232026 -0.006646446609385660287 1 0 0 -1 F 0.8499999999999999778 F 1 #
-2279 string_attrib-name_attrib-gen-attrib $-1 $-1 $-1 $2236 keep keep_kept ignore 17 ATTRIB_XACIS_NAME 4 NONE #
-2280 plane-surface $-1 -0.1121162056256232026 -0.006646446609385660287 1 1 0 0 0 0 -1 forward_v F 0.8499999999999999778 F 1 F -0.0006035533906143309736 F 0 #
-2281 coedge $-1 $2321 $2241 $2322 $2323 reversed $123 $-1 #
-2282 coedge $-1 $2311 $2310 $2241 $2283 forward $2312 $-1 #
-2283 edge $-1 $2324 1.570796326794895004 $2284 3.926990817005735046 $2282 $2325 forward 7 unknown #
-2284 vertex $-1 $2283 $2326 #
-2285 straight-curve $-1 -0.1119697590162236356 -0.006292893218799979795 0 -0.7071067811865535679 -0.7071067811865415775 -0 F -0.001469848480955272081 F 0 #
-2286 point $-1 -0.1119697590162236633 -0.006292893218799951172 0 #
-2287 coedge $-1 $2247 $2327 $2328 $2329 reversed $123 $-1 #
-2288 coedge $-1 $2260 $2259 $2247 $2289 forward $2261 $-1 #
-2289 edge $-1 $2290 -0.0003322330470136209985 $2330 0 $2288 $2331 forward 7 unknown #
-2290 vertex $-1 $2249 $2332 #
-2291 ellipse-curve $-1 -0.1085162056256230023 0.007000000000000000146 0 0 0 1 -0.0004999999999999799527 0 0 1 F 4.712388980384586645 F 6.283185307179586232 #
-2292 point $-1 -0.1085162056256230023 0.007500000000000010131 0 #
-2293 string_attrib-name_attrib-gen-attrib $-1 $-1 $-1 $2254 keep keep_kept ignore 17 ATTRIB_XACIS_NAME 4 NONE #
-2294 face $2333 $2334 $2301 $4 $-1 $2335 reversed single #
-2295 plane-surface $-1 -0.1090162056256230028 0.007000000000000000146 1 1 0 0 0 0 -1 forward_v F 0.8499999999999999778 F 1 F -0.0003322330470136209985 F 0 #
-2296 coedge $-1 $2336 $2256 $2337 $2338 forward $41 $-1 #
-2297 coedge $-1 $2339 $2340 $2256 $2298 reversed $2341 $-1 #
-2298 edge $-1 $2302 0 $2342 0.001469848480955089935 $2297 $2343 forward 7 unknown #
-2299 coedge $-1 $2328 $2257 $2260 $2304 forward $2301 $-1 #
-2300 coedge $-1 $2257 $2328 $2339 $2344 reversed $2301 $-1 #
-2301 loop $-1 $-1 $2328 $2294 #
-2302 vertex $-1 $2344 $2345 #
-2303 ellipse-curve $-1 -0.1095162056256231975 0.006667766952986440079 0.1499999999999999944 -0 0 -1 0.000500000000000058991 0 -0 1 F 0 F 2.356194490211413139 #
-2304 edge $-1 $2262 0.8499999999999999778 $2330 1 $2260 $2346 forward 7 unknown #
-2305 point $-1 -0.1090162056256230722 0.006667766952986409722 0.1499999999999999667 #
-2306 straight-curve $-1 -0.1090162056256230028 0.007000000000000000146 1 0 0 -1 F 0.8499999999999999778 F 1 #
-2307 coedge $-1 $2267 $2347 $2348 $2349 forward $41 $-1 #
-2308 coedge $-1 $2350 $2351 $2267 $2309 reversed $2352 $-1 #
-2309 edge $-1 $2353 0 $2313 0.0003322330470130194831 $2308 $2354 forward 7 unknown #
-2310 coedge $-1 $2282 $2268 $2351 $2355 forward $2312 $-1 #
-2311 coedge $-1 $2268 $2282 $2270 $2315 reversed $2312 $-1 #
-2312 loop $-1 $-1 $2282 $2356 #
-2313 vertex $-1 $2355 $2357 #
-2314 ellipse-curve $-1 -0.111283972578610002 -0.004899999999999999842 0.1499999999999999944 -0 0 -1 0.000499999999999937994 0 -0 1 F 4.712388980384690562 F 7.068583470595664053 #
-2315 edge $-1 $2273 -1 $2284 -0.8499999999999999778 $2311 $2358 forward 7 unknown #
-2316 face $2359 $2276 $2272 $4 $-1 $2360 reversed single #
-2317 point $-1 -0.1109304191880233492 -0.00525355339059979231 0.1499999999999999667 #
-2318 straight-curve $-1 -0.1119697590162236356 -0.006292893218799979795 -0.8500000000000000888 -0 -0 -1 F -1 F -0.8499999999999999778 #
-2319 string_attrib-name_attrib-gen-attrib $-1 $-1 $-1 $2276 keep keep_kept ignore 17 ATTRIB_XACIS_NAME 4 NONE #
-2320 cone-surface $-1 -0.1116162056256236046 -0.006646446609385649879 1 0 0 -1 -0.0004999999999994750397 0 0 1 F -3.141592653589793116 F 3.141592653589793116 0 1 1 forward I I I I #
-2321 coedge $-1 $2361 $2281 $2362 $2363 reversed $123 $-1 #
-2322 coedge $-1 $2351 $2350 $2281 $2323 forward $2352 $-1 #
-2323 edge $-1 $2364 0 $2324 0.0003322330470129919986 $2322 $2365 forward 7 unknown #
-2324 vertex $-1 $2323 $2366 #
-2325 ellipse-curve $-1 -0.111283972578610002 -0.004899999999999999842 0 0 0 -1 -0.000499999999999937994 0 0 1 F 1.570796326794895004 F 3.926990817005735046 #
-2326 point $-1 -0.1109304191880233492 -0.005253553390599760217 0 #
-2327 coedge $-1 $2287 $2367 $2368 $2369 reversed $123 $-1 #
-2328 coedge $-1 $2300 $2299 $2287 $2329 forward $2301 $-1 #
-2329 edge $-1 $2330 3.141592653589794892 $2370 5.49778714380135014 $2328 $2371 forward 7 unknown #
-2330 vertex $-1 $2289 $2372 #
-2331 straight-curve $-1 -0.1090162056256230028 0.006667766952986379364 0 0 -1 -0 F -0.0003322330470136209985 F 0 #
-2332 point $-1 -0.1090162056256230305 0.007000000000000030503 0 #
-2333 string_attrib-name_attrib-gen-attrib $-1 $-1 $-1 $2294 keep keep_kept ignore 17 ATTRIB_XACIS_NAME 4 NONE #
-2334 face $2373 $2374 $2341 $4 $-1 $2375 reversed single #
-2335 cone-surface $-1 -0.1095162056256231975 0.006667766952986440079 1 0 0 -1 -0.000500000000000058991 0 0 1 F -3.141592653589793116 F 3.141592653589793116 0 1 1 forward I I I I #
-2336 coedge $-1 $2376 $2296 $2377 $2378 forward $41 $-1 #
-2337 coedge $-1 $2379 $2380 $2296 $2338 reversed $2381 $-1 #
-2338 edge $-1 $2342 0.7853981634166929959 $2382 1.570796326794895004 $2337 $2383 forward 7 unknown #
-2339 coedge $-1 $2368 $2297 $2300 $2344 forward $2341 $-1 #
-2340 coedge $-1 $2297 $2368 $2379 $2384 reversed $2341 $-1 #
-2341 loop $-1 $-1 $2368 $2334 #
-2342 vertex $-1 $2384 $2385 #
-2343 straight-curve $-1 -0.1098697590162232007 0.006314213562399919981 0.1499999999999999944 -0.7071067811865475727 0.7071067811865475727 0 F 0 F 0.001469848480955089935 #
-2344 edge $-1 $2302 -1 $2370 -0.8499999999999999778 $2300 $2386 forward 7 unknown #
-2345 point $-1 -0.1098697590162232562 0.006314213562399893093 0.1499999999999999667 #
-2346 straight-curve $-1 -0.1090162056256230028 0.006667766952986379364 1 0 0 -1 F 0.8499999999999999778 F 1 #
-2347 coedge $-1 $2307 $2387 $2388 $2389 forward $41 $-1 #
-2348 coedge $-1 $2390 $2391 $2307 $2349 reversed $2392 $-1 #
-2349 edge $-1 $2393 3.141592653589794892 $2353 4.712388980384689674 $2348 $2394 forward 7 unknown #
-2350 coedge $-1 $2322 $2308 $2391 $2395 forward $2352 $-1 #
-2351 coedge $-1 $2308 $2322 $2310 $2355 reversed $2352 $-1 #
-2352 loop $-1 $-1 $2322 $2396 #
-2353 vertex $-1 $2395 $2397 #
-2354 straight-curve $-1 -0.1116162056256232021 -0.004400000000000085267 0.1499999999999999944 1 0 -0 F 0 F 0.0003322330470130194831 #
-2355 edge $-1 $2313 -1 $2324 -0.8499999999999999778 $2351 $2398 forward 7 unknown #
-2356 face $2399 $2316 $2312 $4 $-1 $2400 reversed single #
-2357 point $-1 -0.111283972578610113 -0.004400000000000073991 0.1499999999999999667 #
-2358 straight-curve $-1 -0.1109304191880234047 -0.005253553390599769758 -0.8500000000000000888 -0 -0 -1 F -1 F -0.8499999999999999778 #
-2359 string_attrib-name_attrib-gen-attrib $-1 $-1 $-1 $2316 keep keep_kept ignore 17 ATTRIB_XACIS_NAME 4 NONE #
-2360 plane-surface $-1 -0.1109304191880234047 -0.005253553390599769758 1 0.7071067811865415775 -0.7071067811865535679 0 0.7071067811865535679 0.7071067811865415775 0 forward_v F -0.001469848480955273816 F 6.133173666733444745e-19 F -1 F -0.8499999999999999778 #
-2361 coedge $-1 $2401 $2321 $2402 $2403 reversed $123 $-1 #
-2362 coedge $-1 $2391 $2390 $2321 $2363 forward $2392 $-1 #
-2363 edge $-1 $2404 0 $2364 1.570796326794879683 $2362 $2405 forward 7 unknown #
-2364 vertex $-1 $2363 $2406 #
-2365 straight-curve $-1 -0.1116162056256232021 -0.004400000000000085267 0 1 0 0 F 0 F 0.0003322330470129919986 #
-2366 point $-1 -0.111283972578610113 -0.004400000000000054909 0 #
-2367 coedge $-1 $2327 $2407 $2408 $2409 reversed $123 $-1 #
-2368 coedge $-1 $2340 $2339 $2327 $2369 forward $2341 $-1 #
-2369 edge $-1 $2370 -0.001469848480955086032 $2410 0 $2368 $2411 forward 7 unknown #
-2370 vertex $-1 $2329 $2412 #
-2371 ellipse-curve $-1 -0.1095162056256231975 0.006667766952986440079 0 0 0 -1 -0.000500000000000058991 0 0 1 F 3.141592653589794892 F 5.49778714380135014 #
-2372 point $-1 -0.1090162056256230722 0.006667766952986410589 0 #
-2373 string_attrib-name_attrib-gen-attrib $-1 $-1 $-1 $2334 keep keep_kept ignore 17 ATTRIB_XACIS_NAME 4 NONE #
-2374 face $2413 $2414 $2381 $4 $-1 $2415 forward single #
-2375 plane-surface $-1 -0.1098697590162232007 0.006314213562399919981 1 -0.7071067811865475727 -0.7071067811865475727 0 0.7071067811865475727 -0.7071067811865475727 0 forward_v F -0.001469848480955100994 F 0 F -1 F -0.8499999999999999778 #
-2376 coedge $-1 $2416 $2336 $2417 $2418 forward $41 $-1 #
-2377 coedge $-1 $2419 $2420 $2336 $2378 reversed $2421 $-1 #
-2378 edge $-1 $2382 0 $2422 0.0006035533906132289905 $2377 $2423 forward 7 unknown #
-2379 coedge $-1 $2408 $2337 $2340 $2384 forward $2381 $-1 #
-2380 coedge $-1 $2337 $2408 $2419 $2424 reversed $2381 $-1 #
-2381 loop $-1 $-1 $2408 $2374 #
-2382 vertex $-1 $2424 $2425 #
-2383 ellipse-curve $-1 -0.1112626522350100011 0.006999999999999879582 0.1499999999999999944 0 0 1 0.0005000000000000800245 0 -0 1 F 0.7853981634166929959 F 1.570796326794895004 #
-2384 edge $-1 $2342 -1 $2410 -0.8499999999999999778 $2340 $2426 forward 7 unknown #
-2385 point $-1 -0.11090909884442339 0.007353553390600012923 0.1499999999999999667 #
-2386 straight-curve $-1 -0.1098697590162232007 0.006314213562399919981 -0.8500000000000000888 -0 -0 -1 F -1 F -0.8499999999999999778 #
-2387 coedge $-1 $2347 $2427 $2428 $2429 forward $41 $-1 #
-2388 coedge $-1 $2430 $2431 $2347 $2389 reversed $2432 $-1 #
-2389 edge $-1 $2433 0 $2393 0.001800000000000130055 $2388 $2434 forward 7 unknown #
-2390 coedge $-1 $2362 $2348 $2431 $2435 forward $2392 $-1 #
-2391 coedge $-1 $2348 $2362 $2350 $2395 reversed $2392 $-1 #
-2392 loop $-1 $-1 $2362 $2436 #
-2393 vertex $-1 $2435 $2437 #
-2394 ellipse-curve $-1 -0.1116162056256232021 -0.003900000000000060103 0.1499999999999999944 0 0 1 0.0005000000000000239713 0 -0 1 F 3.141592653589794892 F 4.712388980384689674 #
-2395 edge $-1 $2353 -1 $2364 -0.8499999999999999778 $2391 $2438 forward 7 unknown #
-2396 face $2439 $2356 $2352 $4 $-1 $2440 reversed single #
-2397 point $-1 -0.111616205625623216 -0.004400000000000084399 0.1500000000000000222 #
-2398 straight-curve $-1 -0.1112839725786102102 -0.004400000000000085267 -0.8500000000000000888 -0 0 -1 F -1 F -0.8499999999999999778 #
-2399 string_attrib-name_attrib-gen-attrib $-1 $-1 $-1 $2356 keep keep_kept ignore 17 ATTRIB_XACIS_NAME 4 NONE #
-2400 cone-surface $-1 -0.111283972578610002 -0.004899999999999999842 1 0 0 -1 -0.000499999999999937994 0 0 1 F -3.141592653589793116 F 3.141592653589793116 0 1 1 forward I I I I #
-2401 coedge $-1 $2441 $2361 $2442 $2443 reversed $123 $-1 #
-2402 coedge $-1 $2431 $2430 $2361 $2403 forward $2432 $-1 #
-2403 edge $-1 $2444 -0.001800000000000150004 $2404 0 $2402 $2445 forward 7 unknown #
-2404 vertex $-1 $2403 $2446 #
-2405 ellipse-curve $-1 -0.1116162056256232021 -0.003900000000000060103 0 0 0 1 -0.0005000000000000239713 0 0 1 F 0 F 1.570796326794879683 #
-2406 point $-1 -0.1116162056256231605 -0.004400000000000082664 0 #
-2407 coedge $-1 $2367 $2447 $2448 $2449 reversed $123 $-1 #
-2408 coedge $-1 $2380 $2379 $2367 $2409 forward $2381 $-1 #
-2409 edge $-1 $2410 3.926990817006500656 $2450 4.712388980384690562 $2408 $2451 forward 7 unknown #
-2410 vertex $-1 $2369 $2452 #
-2411 straight-curve $-1 -0.1109090988444232928 0.007353553390600007719 0 -0.7071067811865475727 0.7071067811865475727 -0 F -0.001469848480955086032 F 0 #
-2412 point $-1 -0.1098697590162232562 0.006314213562399919114 0 #
-2413 string_attrib-name_attrib-gen-attrib $-1 $-1 $-1 $2374 keep keep_kept ignore 17 ATTRIB_XACIS_NAME 4 NONE #
-2414 face $2453 $2454 $2421 $4 $-1 $2455 reversed single #
-2415 cone-surface $-1 -0.1112626522350100011 0.006999999999999879582 1 0 0 -1 -0.0005000000000000800245 0 0 1 F -3.141592653589793116 F 3.141592653589793116 0 1 1 forward I I I I #
-2416 coedge $-1 $2456 $2376 $2457 $2458 forward $41 $-1 #
-2417 coedge $-1 $2459 $2460 $2376 $2418 reversed $2461 $-1 #
-2418 edge $-1 $2422 1.570796326794839937 $2462 3.141592653589794892 $2417 $2463 forward 7 unknown #
-2419 coedge $-1 $2448 $2377 $2380 $2424 forward $2421 $-1 #
-2420 coedge $-1 $2377 $2448 $2459 $2464 reversed $2421 $-1 #
-2421 loop $-1 $-1 $2448 $2414 #
-2422 vertex $-1 $2464 $2465 #
-2423 straight-curve $-1 -0.1112626522350100011 0.007499999999999999722 0.1499999999999999944 -1 0 0 F 0 F 0.0006035533906132289905 #
-2424 edge $-1 $2382 0.8499999999999999778 $2450 1 $2380 $2466 forward 7 unknown #
-2425 point $-1 -0.1112626522350100011 0.007499999999999979773 0.1500000000000000222 #
-2426 straight-curve $-1 -0.1109090988444232928 0.007353553390600007719 -0.8500000000000000888 -0 -0 -1 F -1 F -0.8499999999999999778 #
-2427 coedge $-1 $2387 $2467 $2468 $2469 forward $41 $-1 #
-2428 coedge $-1 $2470 $2471 $2387 $2429 reversed $2472 $-1 #
-2429 edge $-1 $2473 1.57079632679492498 $2433 3.141592653589829975 $2428 $2474 forward 7 unknown #
-2430 coedge $-1 $2402 $2388 $2471 $2475 forward $2432 $-1 #
-2431 coedge $-1 $2388 $2402 $2390 $2435 reversed $2432 $-1 #
-2432 loop $-1 $-1 $2402 $2476 #
-2433 vertex $-1 $2475 $2477 #
-2434 straight-curve $-1 -0.1121162056256232026 -0.002099999999999930048 0.1499999999999999944 0 -1 0 F 0 F 0.001800000000000130055 #
-2435 edge $-1 $2393 0.8499999999999999778 $2404 1 $2431 $2478 forward 7 unknown #
-2436 face $2479 $2396 $2392 $4 $-1 $2480 forward single #
-2437 point $-1 -0.1121162056256232165 -0.00390000000000006921 0.1500000000000000777 #
-2438 straight-curve $-1 -0.1116162056256232021 -0.004400000000000085267 -0.8500000000000000888 -0 0 -1 F -1 F -0.8499999999999999778 #
-2439 string_attrib-name_attrib-gen-attrib $-1 $-1 $-1 $2396 keep keep_kept ignore 17 ATTRIB_XACIS_NAME 4 NONE #
-2440 plane-surface $-1 -0.1116162056256232021 -0.004400000000000085267 1 0 1 0 0 -0 1 forward_v F -1 F -0.8499999999999999778 F 0 F 0.0003322330470130197 #
-2441 coedge $-1 $2481 $2401 $2482 $2483 reversed $123 $-1 #
-2442 coedge $-1 $2471 $2470 $2401 $2443 forward $2472 $-1 #
-2443 edge $-1 $2484 4.712388980384721648 $2444 6.283185307179603996 $2442 $2485 forward 7 unknown #
-2444 vertex $-1 $2443 $2486 #
-2445 straight-curve $-1 -0.1121162056256232026 -0.003900000000000080052 0 0 -1 -0 F -0.001800000000000150004 F 0 #
-2446 point $-1 -0.1121162056256231887 -0.00390000000000006921 0 #
-2447 coedge $-1 $2407 $2487 $2488 $2489 reversed $123 $-1 #
-2448 coedge $-1 $2420 $2419 $2407 $2449 forward $2421 $-1 #
-2449 edge $-1 $2450 -0.0006035533906132810322 $2490 0 $2448 $2491 forward 7 unknown #
-2450 vertex $-1 $2409 $2492 #
-2451 ellipse-curve $-1 -0.1112626522350100011 0.006999999999999879582 0 0 0 1 -0.0005000000000000800245 0 0 1 F 3.926990817006500656 F 4.712388980384690562 #
-2452 point $-1 -0.11090909884442339 0.007353553390600014658 0 #
-2453 string_attrib-name_attrib-gen-attrib $-1 $-1 $-1 $2414 keep keep_kept ignore 17 ATTRIB_XACIS_NAME 4 NONE #
-2454 face $2493 $2494 $2461 $4 $-1 $2495 forward single #
-2455 plane-surface $-1 -0.1112626522350100011 0.007499999999999999722 1 0 -1 0 0 0 -1 forward_v F 0.8499999999999999778 F 1 F -0.0006035533906132810322 F 0 #
-2456 coedge $-1 $2496 $2416 $2497 $2498 forward $41 $-1 #
-2457 coedge $-1 $2499 $2500 $2416 $2458 reversed $2501 $-1 #
-2458 edge $-1 $2462 0 $2502 0.0006035533906001519944 $2457 $2503 forward 7 unknown #
-2459 coedge $-1 $2488 $2417 $2420 $2464 forward $2461 $-1 #
-2460 coedge $-1 $2417 $2488 $2499 $2504 reversed $2461 $-1 #
-2461 loop $-1 $-1 $2488 $2454 #
-2462 vertex $-1 $2504 $2505 #
-2463 ellipse-curve $-1 -0.1118662056256229942 0.007250000000000000368 0.1499999999999999944 0 0 1 0.0002499999999999854769 0 -0 1 F 1.570796326794839937 F 3.141592653589794892 #
-2464 edge $-1 $2422 0.8499999999999999778 $2490 1 $2420 $2506 forward 7 unknown #
-2465 point $-1 -0.111866205625623133 0.007499999999999992784 0.1500000000000000222 #
-2466 straight-curve $-1 -0.1112626522350100011 0.007499999999999999722 1 0 0 -1 F 0.8499999999999999778 F 1 #
-2467 coedge $-1 $2427 $2507 $2508 $2509 forward $41 $-1 #
-2468 coedge $-1 $2510 $2511 $2427 $2469 reversed $2512 $-1 #
-2469 edge $-1 $2513 0 $2473 0.0004000000000000810091 $2468 $2514 forward 7 unknown #
-2470 coedge $-1 $2442 $2428 $2511 $2515 forward $2472 $-1 #
-2471 coedge $-1 $2428 $2442 $2430 $2475 reversed $2472 $-1 #
-2472 loop $-1 $-1 $2442 $2516 #
-2473 vertex $-1 $2515 $2517 #
-2474 ellipse-curve $-1 -0.1116162056256232021 -0.002099999999999910098 0.1499999999999999944 0 0 1 0.0005000000000000239713 0 -0 1 F 1.57079632679492498 F 3.141592653589829975 #
-2475 edge $-1 $2433 0.8499999999999999778 $2444 1 $2471 $2518 forward 7 unknown #
-2476 face $2519 $2436 $2432 $4 $-1 $2520 reversed single #
-2477 point $-1 -0.1121162056256232165 -0.002099999999999920073 0.1500000000000000222 #
-2478 straight-curve $-1 -0.1121162056256232026 -0.003900000000000080052 1 0 0 -1 F 0.8499999999999999778 F 1 #
-2479 string_attrib-name_attrib-gen-attrib $-1 $-1 $-1 $2436 keep keep_kept ignore 17 ATTRIB_XACIS_NAME 4 NONE #
-2480 cone-surface $-1 -0.1116162056256232021 -0.003900000000000060103 1 0 0 -1 -0.0005000000000000239713 0 0 1 F -3.141592653589793116 F 3.141592653589793116 0 1 1 forward I I I I #
-2481 coedge $-1 $2521 $2441 $2522 $2523 reversed $123 $-1 #
-2482 coedge $-1 $2511 $2510 $2441 $2483 forward $2512 $-1 #
-2483 edge $-1 $2524 -0.0004000000000000844785 $2484 0 $2482 $2525 forward 7 unknown #
-2484 vertex $-1 $2483 $2526 #
-2485 ellipse-curve $-1 -0.1116162056256232021 -0.002099999999999910098 0 0 0 1 -0.0005000000000000239713 0 0 1 F 4.712388980384721648 F 6.283185307179603996 #
-2486 point $-1 -0.1121162056256231887 -0.002099999999999920073 0 #
-2487 coedge $-1 $2447 $2527 $2528 $2529 reversed $123 $-1 #
-2488 coedge $-1 $2460 $2459 $2447 $2489 forward $2461 $-1 #
-2489 edge $-1 $2490 4.712388980384621284 $2530 6.283185307179586232 $2488 $2531 forward 7 unknown #
-2490 vertex $-1 $2449 $2532 #
-2491 straight-curve $-1 -0.1118662056256232856 0.007499999999999999722 0 -1 -0 -0 F -0.0006035533906132810322 F 0 #
-2492 point $-1 -0.1112626522350099179 0.007499999999999979773 0 #
-2493 string_attrib-name_attrib-gen-attrib $-1 $-1 $-1 $2454 keep keep_kept ignore 17 ATTRIB_XACIS_NAME 4 NONE #
-2494 face $2533 $2534 $2501 $4 $-1 $2535 reversed single #
-2495 cone-surface $-1 -0.1118662056256229942 0.007250000000000000368 1 0 0 -1 -0.0002499999999999854769 0 0 1 F -3.141592653589793116 F 3.141592653589793116 0 1 1 forward I I I I #
-2496 coedge $-1 $2536 $2456 $2537 $2538 forward $41 $-1 #
-2497 coedge $-1 $2539 $2540 $2456 $2498 reversed $2541 $-1 #
-2498 edge $-1 $2502 3.14159265356293993 $2542 3.926990816987289801 $2497 $2543 forward 7 unknown #
-2499 coedge $-1 $2528 $2457 $2460 $2504 forward $2501 $-1 #
-2500 coedge $-1 $2457 $2528 $2539 $2544 reversed $2501 $-1 #
-2501 loop $-1 $-1 $2528 $2494 #
-2502 vertex $-1 $2544 $2545 #
-2503 straight-curve $-1 -0.1121162056256232026 0.007250000000000000368 0.1499999999999999944 0 -1 0 F 0 F 0.0006035533906001519944 #
-2504 edge $-1 $2462 0.8499999999999999778 $2530 1 $2460 $2546 forward 7 unknown #
-2505 point $-1 -0.1121162056256230916 0.007250000000000000368 0.1500000000000000222 #
-2506 straight-curve $-1 -0.1118662056256232856 0.007499999999999999722 1 0 0 -1 F 0.8499999999999999778 F 1 #
-2507 coedge $-1 $2467 $2547 $2548 $2549 forward $41 $-1 #
-2508 coedge $-1 $2550 $2551 $2467 $2509 reversed $2552 $-1 #
-2509 edge $-1 $2553 5.290906601728959978e-14 $2513 1.570796326794895004 $2508 $2554 forward 7 unknown #
-2510 coedge $-1 $2482 $2468 $2551 $2555 forward $2512 $-1 #
-2511 coedge $-1 $2468 $2482 $2470 $2515 reversed $2512 $-1 #
-2512 loop $-1 $-1 $2482 $2556 #
-2513 vertex $-1 $2555 $2557 #
-2514 straight-curve $-1 -0.1112162056256229964 -0.001599999999999884934 0.1499999999999999944 -1 0 0 F 0 F 0.0004000000000000810091 #
-2515 edge $-1 $2473 0.8499999999999999778 $2484 1 $2511 $2558 forward 7 unknown #
-2516 face $2559 $2476 $2472 $4 $-1 $2560 forward single #
-2517 point $-1 -0.1116162056256231466 -0.001599999999999885585 0.1500000000000000777 #
-2518 straight-curve $-1 -0.1121162056256232026 -0.002099999999999930048 1 0 0 -1 F 0.8499999999999999778 F 1 #
-2519 string_attrib-name_attrib-gen-attrib $-1 $-1 $-1 $2476 keep keep_kept ignore 17 ATTRIB_XACIS_NAME 4 NONE #
-2520 plane-surface $-1 -0.1121162056256232026 -0.002099999999999930048 1 1 0 0 0 0 -1 forward_v F 0.8499999999999999778 F 1 F -0.001800000000000150004 F 0 #
-2521 coedge $-1 $2561 $2481 $2562 $2563 reversed $123 $-1 #
-2522 coedge $-1 $2551 $2550 $2481 $2523 forward $2552 $-1 #
-2523 edge $-1 $2564 3.141592653589846407 $2524 4.71238898038469145 $2522 $2565 forward 7 unknown #
-2524 vertex $-1 $2523 $2566 #
-2525 straight-curve $-1 -0.1116162056256230772 -0.001599999999999884934 0 -1 -0 -0 F -0.0004000000000000844785 F 0 #
-2526 point $-1 -0.1116162056256231466 -0.0015999999999998832 0 #
-2527 coedge $-1 $2487 $2567 $2568 $2569 reversed $123 $-1 #
-2528 coedge $-1 $2500 $2499 $2487 $2529 forward $2501 $-1 #
-2529 edge $-1 $2530 -0.0006035533906001510187 $2570 0 $2528 $2571 forward 7 unknown #
-2530 vertex $-1 $2489 $2572 #
-2531 ellipse-curve $-1 -0.1118662056256229942 0.007250000000000000368 0 0 0 1 -0.0002499999999999854769 0 0 1 F 4.712388980384621284 F 6.283185307179586232 #
-2532 point $-1 -0.111866205625623133 0.007499999999999989314 0 #
-2533 string_attrib-name_attrib-gen-attrib $-1 $-1 $-1 $2494 keep keep_kept ignore 17 ATTRIB_XACIS_NAME 4 NONE #
-2534 face $2573 $2574 $2541 $4 $-1 $2575 forward single #
-2535 plane-surface $-1 -0.1121162056256232026 0.007250000000000000368 1 1 0 0 0 0 -1 forward_v F 0.8499999999999999778 F 1 F -0.0006035533906001517776 F 0 #
-2536 coedge $-1 $2576 $2496 $2577 $2578 forward $41 $-1 #
-2537 coedge $-1 $2579 $2580 $2496 $2538 reversed $2581 $-1 #
-2538 edge $-1 $2542 0 $2582 0.001469848480954744074 $2537 $2583 forward 7 unknown #
-2539 coedge $-1 $2568 $2497 $2500 $2544 forward $2541 $-1 #
-2540 coedge $-1 $2497 $2568 $2579 $2584 reversed $2541 $-1 #
-2541 loop $-1 $-1 $2568 $2534 #
-2542 vertex $-1 $2584 $2585 #
-2543 ellipse-curve $-1 -0.1116162056256233964 0.006646446609386409687 0.1499999999999999944 0 0 1 0.000499999999999673015 0 -0 1 F 3.14159265356293993 F 3.926990816987289801 #
-2544 edge $-1 $2502 0.8499999999999999778 $2570 1 $2500 $2586 forward 7 unknown #
-2545 point $-1 -0.1121162056256231332 0.006646446609393130006 0.1500000000000000222 #
-2546 straight-curve $-1 -0.1121162056256232026 0.007250000000000000368 1 0 0 -1 F 0.8499999999999999778 F 1 #
-2547 coedge $-1 $2507 $2587 $2588 $2589 forward $41 $-1 #
-2548 coedge $-1 $2590 $2591 $2507 $2549 reversed $2592 $-1 #
-2549 edge $-1 $2593 0 $2553 0.000599999999999885022 $2548 $2594 forward 7 unknown #
-2550 coedge $-1 $2522 $2508 $2591 $2595 forward $2552 $-1 #
-2551 coedge $-1 $2508 $2522 $2510 $2555 reversed $2552 $-1 #
-2552 loop $-1 $-1 $2522 $2596 #
-2553 vertex $-1 $2595 $2597 #
-2554 ellipse-curve $-1 -0.1112162056256229964 -0.002099999999999944793 0.1499999999999999944 0 0 1 0.0005000000000000329702 0 -0 1 F 5.290906601728959978e-14 F 1.570796326794895004 #
-2555 edge $-1 $2513 0.8499999999999999778 $2524 1 $2551 $2598 forward 7 unknown #
-2556 face $2599 $2516 $2512 $4 $-1 $2600 reversed single #
-2557 point $-1 -0.1112162056256229964 -0.001599999999999898379 0.1500000000000000777 #
-2558 straight-curve $-1 -0.1116162056256230772 -0.001599999999999884934 1 0 0 -1 F 0.8499999999999999778 F 1 #
-2559 string_attrib-name_attrib-gen-attrib $-1 $-1 $-1 $2516 keep keep_kept ignore 17 ATTRIB_XACIS_NAME 4 NONE #
-2560 cone-surface $-1 -0.1116162056256232021 -0.002099999999999910098 1 0 0 -1 -0.0005000000000000239713 0 0 1 F -3.141592653589793116 F 3.141592653589793116 0 1 1 forward I I I I #
-2561 coedge $-1 $2601 $2521 $2602 $2603 reversed $123 $-1 #
-2562 coedge $-1 $2591 $2590 $2521 $2563 forward $2592 $-1 #
-2563 edge $-1 $2604 0 $2564 0.0005999999999999099587 $2562 $2605 forward 7 unknown #
-2564 vertex $-1 $2563 $2606 #
-2565 ellipse-curve $-1 -0.1112162056256229964 -0.002099999999999944793 0 0 0 1 -0.0005000000000000329702 0 0 1 F 3.141592653589846407 F 4.71238898038469145 #
-2566 point $-1 -0.1112162056256230241 -0.001599999999999898379 0 #
-2567 coedge $-1 $2527 $2607 $2608 $2609 reversed $123 $-1 #
-2568 coedge $-1 $2540 $2539 $2527 $2569 forward $2541 $-1 #
-2569 edge $-1 $2570 6.283185307152732157 $2610 7.068583470577032735 $2568 $2611 forward 7 unknown #
-2570 vertex $-1 $2529 $2612 #
-2571 straight-curve $-1 -0.1121162056256232026 0.006646446609399849458 0 0 -1 -0 F -0.0006035533906001510187 F 0 #
-2572 point $-1 -0.1121162056256230916 0.007250000000000000368 0 #
-2573 string_attrib-name_attrib-gen-attrib $-1 $-1 $-1 $2534 keep keep_kept ignore 17 ATTRIB_XACIS_NAME 4 NONE #
-2574 face $2613 $2614 $2581 $4 $-1 $2615 reversed single #
-2575 cone-surface $-1 -0.1116162056256233964 0.006646446609386409687 1 0 0 -1 -0.000499999999999673015 0 0 1 F -3.141592653589793116 F 3.141592653589793116 0 1 1 forward I I I I #
-2576 coedge $-1 $2616 $2536 $2617 $2618 forward $41 $-1 #
-2577 coedge $-1 $2619 $2620 $2536 $2578 reversed $2621 $-1 #
-2578 edge $-1 $2582 5.497787143782162822 $2622 7.853981634000489542 $2577 $2623 forward 7 unknown #
-2579 coedge $-1 $2608 $2537 $2540 $2584 forward $2581 $-1 #
-2580 coedge $-1 $2537 $2608 $2619 $2624 reversed $2581 $-1 #
-2581 loop $-1 $-1 $2608 $2574 #
-2582 vertex $-1 $2624 $2625 #
-2583 straight-curve $-1 -0.1119697590162164053 0.006292893218793369631 0.1499999999999999944 0.7071067811865535679 -0.7071067811865415775 0 F 0 F 0.001469848480954744074 #
-2584 edge $-1 $2542 -1 $2610 -0.8499999999999999778 $2540 $2626 forward 7 unknown #
-2585 point $-1 -0.1119697590162164191 0.006292893218793359222 0.1500000000000000222 #
-2586 straight-curve $-1 -0.1121162056256232026 0.006646446609399849458 1 0 0 -1 F 0.8499999999999999778 F 1 #
-2587 coedge $-1 $2547 $2627 $2628 $2629 forward $41 $-1 #
-2588 coedge $-1 $2630 $2631 $2547 $2589 reversed $2632 $-1 #
-2589 edge $-1 $2633 1.570796326794896558 $2593 3.141592653590317585 $2588 $2634 forward 7 unknown #
-2590 coedge $-1 $2562 $2548 $2631 $2635 forward $2592 $-1 #
-2591 coedge $-1 $2548 $2562 $2550 $2595 reversed $2592 $-1 #
-2592 loop $-1 $-1 $2562 $2636 #
-2593 vertex $-1 $2635 $2637 #
-2594 straight-curve $-1 -0.1107162056256229959 -0.002699999999999804987 0.1499999999999999944 0 1 0 F 0 F 0.000599999999999885022 #
-2595 edge $-1 $2553 -1 $2564 -0.8499999999999999778 $2591 $2638 forward 7 unknown #
-2596 face $2639 $2556 $2552 $4 $-1 $2640 forward single #
-2597 point $-1 -0.1107162056256229821 -0.002099999999999907496 0.1500000000000000222 #
-2598 straight-curve $-1 -0.1112162056256229964 -0.001599999999999884934 1 0 0 -1 F 0.8499999999999999778 F 1 #
-2599 string_attrib-name_attrib-gen-attrib $-1 $-1 $-1 $2556 keep keep_kept ignore 17 ATTRIB_XACIS_NAME 4 NONE #
-2600 plane-surface $-1 -0.1112162056256229964 -0.001599999999999884934 1 0 -1 0 0 0 -1 forward_v F 0.8499999999999999778 F 1 F -0.0004000000000000844785 F 0 #
-2601 coedge $-1 $2641 $2561 $2642 $2643 reversed $123 $-1 #
-2602 coedge $-1 $2631 $2630 $2561 $2603 forward $2632 $-1 #
-2603 edge $-1 $2644 4.712388980384689674 $2604 6.283185307179850021 $2602 $2645 forward 7 unknown #
-2604 vertex $-1 $2603 $2646 #
-2605 straight-curve $-1 -0.1107162056256229959 -0.002699999999999804987 0 0 1 0 F 0 F 0.0005999999999999099587 #
-2606 point $-1 -0.1107162056256229821 -0.002099999999999906629 0 #
-2607 coedge $-1 $2567 $2647 $2648 $2649 reversed $123 $-1 #
-2608 coedge $-1 $2580 $2579 $2567 $2609 forward $2581 $-1 #
-2609 edge $-1 $2610 -0.001469848480954749929 $2650 0 $2608 $2651 forward 7 unknown #
-2610 vertex $-1 $2569 $2652 #
-2611 ellipse-curve $-1 -0.1116162056256233964 0.006646446609386409687 0 0 0 1 -0.000499999999999673015 0 0 1 F 6.283185307152732157 F 7.068583470577032735 #
-2612 point $-1 -0.1121162056256231332 0.006646446609399843386 0 #
-2613 string_attrib-name_attrib-gen-attrib $-1 $-1 $-1 $2574 keep keep_kept ignore 17 ATTRIB_XACIS_NAME 4 NONE #
-2614 face $2653 $2654 $2621 $4 $-1 $2655 reversed single #
-2615 plane-surface $-1 -0.1119697590162164053 0.006292893218793369631 1 0.7071067811865415775 0.7071067811865535679 0 -0.7071067811865535679 0.7071067811865415775 0 forward_v F -0.001469848480954749929 F 1.226634733346705628e-17 F -1 F -0.8499999999999999778 #
-2616 coedge $-1 $2656 $2576 $2657 $2658 forward $41 $-1 #
-2617 coedge $-1 $2659 $2660 $2576 $2618 reversed $2661 $-1 #
-2618 edge $-1 $2622 0 $2662 0.0003322330470000440226 $2617 $2663 forward 7 unknown #
-2619 coedge $-1 $2648 $2577 $2580 $2624 forward $2621 $-1 #
-2620 coedge $-1 $2577 $2648 $2659 $2664 reversed $2621 $-1 #
-2621 loop $-1 $-1 $2648 $2614 #
-2622 vertex $-1 $2664 $2665 #
-2623 ellipse-curve $-1 -0.111283972578610002 0.004900000000000189794 0.1499999999999999944 -0 0 -1 0.000500000000000058991 0 -0 1 F 5.497787143782162822 F 7.853981634000489542 #
-2624 edge $-1 $2582 -1 $2650 -0.8499999999999999778 $2580 $2666 forward 7 unknown #
-2625 point $-1 -0.1109304191880166601 0.005253553390593534295 0.1499999999999999667 #
-2626 straight-curve $-1 -0.1119697590162164053 0.006292893218793369631 -0.8500000000000000888 -0 -0 -1 F -1 F -0.8499999999999999778 #
-2627 coedge $-1 $2587 $2667 $2668 $2669 forward $41 $-1 #
-2628 coedge $-1 $2670 $2671 $2587 $2629 reversed $2672 $-1 #
-2629 edge $-1 $2673 0 $2633 0.002099663410299715087 $2628 $2674 forward 7 unknown #
-2630 coedge $-1 $2602 $2588 $2671 $2675 forward $2632 $-1 #
-2631 coedge $-1 $2588 $2602 $2590 $2635 reversed $2632 $-1 #
-2632 loop $-1 $-1 $2602 $2676 #
-2633 vertex $-1 $2675 $2677 #
-2634 ellipse-curve $-1 -0.1105162056256230041 -0.002699999999999909937 0.1499999999999999944 -0 0 -1 0.0002000000000000605081 0 -0 1 F 1.570796326794896558 F 3.141592653590317585 #
-2635 edge $-1 $2593 -1 $2604 -0.8499999999999999778 $2631 $2678 forward 7 unknown #
-2636 face $2679 $2596 $2592 $4 $-1 $2680 reversed single #
-2637 point $-1 -0.1107162056256230376 -0.002699999999999844018 0.1499999999999999667 #
-2638 straight-curve $-1 -0.1107162056256229959 -0.002099999999999894919 -0.8500000000000000888 -0 -0 -1 F -1 F -0.8499999999999999778 #
-2639 string_attrib-name_attrib-gen-attrib $-1 $-1 $-1 $2596 keep keep_kept ignore 17 ATTRIB_XACIS_NAME 4 NONE #
-2640 cone-surface $-1 -0.1112162056256229964 -0.002099999999999944793 1 0 0 -1 -0.0005000000000000329702 0 0 1 F -3.141592653589793116 F 3.141592653589793116 0 1 1 forward I I I I #
-2641 coedge $-1 $2681 $2601 $2682 $2683 reversed $123 $-1 #
-2642 coedge $-1 $2671 $2670 $2601 $2643 forward $2672 $-1 #
-2643 edge $-1 $2684 -0.002099663410299739807 $2644 0 $2642 $2685 forward 7 unknown #
-2644 vertex $-1 $2643 $2686 #
-2645 ellipse-curve $-1 -0.1105162056256230041 -0.002699999999999909937 0 0 0 -1 -0.0002000000000000605081 0 0 1 F 4.712388980384689674 F 6.283185307179850021 #
-2646 point $-1 -0.1107162056256230515 -0.00269999999999985486 0 #
-2647 coedge $-1 $2607 $2687 $2688 $2689 reversed $123 $-1 #
-2648 coedge $-1 $2620 $2619 $2607 $2649 forward $2621 $-1 #
-2649 edge $-1 $2650 2.356194490192155211 $2690 4.712388980410639583 $2648 $2691 forward 7 unknown #
-2650 vertex $-1 $2609 $2692 #
-2651 straight-curve $-1 -0.1109304191880165491 0.00525355339059352909 0 0.7071067811865535679 -0.7071067811865415775 -0 F -0.001469848480954749929 F 0 #
-2652 point $-1 -0.1119697590162164469 0.006292893218793374835 0 #
-2653 string_attrib-name_attrib-gen-attrib $-1 $-1 $-1 $2614 keep keep_kept ignore 17 ATTRIB_XACIS_NAME 4 NONE #
-2654 face $2693 $2694 $2661 $4 $-1 $2695 reversed single #
-2655 cone-surface $-1 -0.111283972578610002 0.004900000000000189794 1 0 0 -1 -0.000500000000000058991 0 0 1 F -3.141592653589793116 F 3.141592653589793116 0 1 1 forward I I I I #
-2656 coedge $-1 $2696 $2616 $2697 $2698 forward $41 $-1 #
-2657 coedge $-1 $2699 $2700 $2616 $2658 reversed $2701 $-1 #
-2658 edge $-1 $2662 1.57079632679492498 $2702 3.141592653589794892 $2657 $2703 forward 7 unknown #
-2659 coedge $-1 $2688 $2617 $2620 $2664 forward $2661 $-1 #
-2660 coedge $-1 $2617 $2688 $2699 $2704 reversed $2661 $-1 #
-2661 loop $-1 $-1 $2688 $2654 #
-2662 vertex $-1 $2704 $2705 #
-2663 straight-curve $-1 -0.1112839725786230055 0.004400000000000080062 0.1499999999999999944 -1 0 0 F 0 F 0.0003322330470000440226 #
-2664 edge $-1 $2622 0.8499999999999999778 $2690 1 $2620 $2706 forward 7 unknown #
-2665 point $-1 -0.1112839725786229916 0.004400000000000105216 0.1500000000000000222 #
-2666 straight-curve $-1 -0.1109304191880165491 0.00525355339059352909 -0.8500000000000000888 -0 -0 -1 F -1 F -0.8499999999999999778 #
-2667 coedge $-1 $2627 $2707 $2708 $2709 forward $41 $-1 #
-2668 coedge $-1 $2710 $2711 $2627 $2669 reversed $2712 $-1 #
-2669 edge $-1 $2713 0.2204937613463915369 $2673 1.570796326797700537 $2668 $2714 forward 7 unknown #
-2670 coedge $-1 $2642 $2628 $2711 $2715 forward $2672 $-1 #
-2671 coedge $-1 $2628 $2642 $2630 $2675 reversed $2672 $-1 #
-2672 loop $-1 $-1 $2642 $2716 #
-2673 vertex $-1 $2715 $2717 #
-2674 straight-curve $-1 -0.1084165422153234026 -0.002900000000000080031 0.1499999999999999944 -1 -8.326966633645040194e-15 0 F 0 F 0.002099663410299715087 #
-2675 edge $-1 $2633 -1 $2644 -0.8499999999999999778 $2671 $2718 forward 7 unknown #
-2676 face $2719 $2636 $2632 $4 $-1 $2720 reversed single #
-2677 point $-1 -0.1105162056256230735 -0.002900000000000033627 0.1499999999999999667 #
-2678 straight-curve $-1 -0.1107162056256229959 -0.002699999999999804987 -0.8500000000000000888 -0 -0 -1 F -1 F -0.8499999999999999778 #
-2679 string_attrib-name_attrib-gen-attrib $-1 $-1 $-1 $2636 keep keep_kept ignore 17 ATTRIB_XACIS_NAME 4 NONE #
-2680 plane-surface $-1 -0.1107162056256229959 -0.002699999999999804987 1 -1 0 0 0 0 1 forward_v F -1 F -0.8499999999999999778 F 0 F 0.0005999999999999099587 #
-2681 coedge $-1 $2721 $2641 $2722 $2723 reversed $123 $-1 #
-2682 coedge $-1 $2711 $2710 $2641 $2683 forward $2712 $-1 #
-2683 edge $-1 $2724 3.362086414936114931 $2684 4.712388980387170356 $2682 $2725 forward 7 unknown #
-2684 vertex $-1 $2683 $2726 #
-2685 straight-curve $-1 -0.1105162056256231429 -0.002900000000000097378 0 -1 -8.326966633645040194e-15 -0 F -0.002099663410299739807 F 0 #
-2686 point $-1 -0.1105162056256230735 -0.002900000000000031025 0 #
-2687 coedge $-1 $2647 $2727 $2728 $2729 reversed $123 $-1 #
-2688 coedge $-1 $2660 $2659 $2647 $2689 forward $2661 $-1 #
-2689 edge $-1 $2690 -0.0003322330470000530215 $2730 0 $2688 $2731 forward 7 unknown #
-2690 vertex $-1 $2649 $2732 #
-2691 ellipse-curve $-1 -0.111283972578610002 0.004900000000000189794 0 0 0 -1 -0.000500000000000058991 0 0 1 F 2.356194490192155211 F 4.712388980410639583 #
-2692 point $-1 -0.1109304191880166601 0.005253553390593550775 0 #
-2693 string_attrib-name_attrib-gen-attrib $-1 $-1 $-1 $2654 keep keep_kept ignore 17 ATTRIB_XACIS_NAME 4 NONE #
-2694 face $2733 $2734 $2701 $4 $-1 $2735 forward single #
-2695 plane-surface $-1 -0.1112839725786230055 0.004400000000000080062 1 0 -1 0 0 0 -1 forward_v F 0.8499999999999999778 F 1 F -0.0003322330470000530215 F 0 #
-2696 coedge $-1 $2736 $2656 $2737 $2738 forward $41 $-1 #
-2697 coedge $-1 $2739 $2740 $2656 $2698 reversed $2741 $-1 #
-2698 edge $-1 $2702 0 $2742 0.001800000000000179928 $2697 $2743 forward 7 unknown #
-2699 coedge $-1 $2728 $2657 $2660 $2704 forward $2701 $-1 #
-2700 coedge $-1 $2657 $2728 $2739 $2744 reversed $2701 $-1 #
-2701 loop $-1 $-1 $2728 $2694 #
-2702 vertex $-1 $2744 $2745 #
-2703 ellipse-curve $-1 -0.111616205625622994 0.003900000000000054898 0.1499999999999999944 0 0 1 0.0005000000000000239713 0 -0 1 F 1.57079632679492498 F 3.141592653589794892 #
-2704 edge $-1 $2662 0.8499999999999999778 $2730 1 $2660 $2746 forward 7 unknown #
-2705 point $-1 -0.1116162056256230356 0.004400000000000079195 0.1500000000000000222 #
-2706 straight-curve $-1 -0.1112839725786230055 0.004400000000000080062 1 0 0 -1 F 0.8499999999999999778 F 1 #
-2707 coedge $-1 $2667 $2747 $2748 $2749 forward $41 $-1 #
-2708 coedge $-1 $2750 $2751 $2667 $2709 reversed $2752 $-1 #
-2709 edge $-1 $2753 0 $2713 0.00156549942303456 $2708 $2754 forward 7 unknown #
-2710 coedge $-1 $2682 $2668 $2751 $2755 forward $2712 $-1 #
-2711 coedge $-1 $2668 $2682 $2670 $2715 reversed $2712 $-1 #
-2712 loop $-1 $-1 $2682 $2756 #
-2713 vertex $-1 $2755 $2757 #
-2714 ellipse-curve $-1 -0.108416542215322001 -0.002400000000000159818 0.1499999999999999944 -0 0 -1 0.0004999999999999190205 0 -0 1 F 0.2204937613463915369 F 1.570796326797700537 #
-2715 edge $-1 $2673 -1 $2684 -0.8499999999999999778 $2711 $2758 forward 7 unknown #
-2716 face $2759 $2676 $2672 $4 $-1 $2760 reversed single #
-2717 point $-1 -0.1084165422153233194 -0.002900000000000079597 0.1499999999999999667 #
-2718 straight-curve $-1 -0.1105162056256231429 -0.002900000000000097378 -0.8500000000000000888 -0 -0 -1 F -1 F -0.8499999999999999778 #
-2719 string_attrib-name_attrib-gen-attrib $-1 $-1 $-1 $2676 keep keep_kept ignore 17 ATTRIB_XACIS_NAME 4 NONE #
-2720 cone-surface $-1 -0.1105162056256230041 -0.002699999999999909937 1 0 0 -1 -0.0002000000000000605081 0 0 1 F -3.141592653589793116 F 3.141592653589793116 0 1 1 forward I I I I #
-2721 coedge $-1 $2761 $2681 $2762 $2763 reversed $123 $-1 #
-2722 coedge $-1 $2751 $2750 $2681 $2723 forward $2752 $-1 #
-2723 edge $-1 $2764 -0.001565499423034569975 $2724 0 $2722 $2765 forward 7 unknown #
-2724 vertex $-1 $2723 $2766 #
-2725 ellipse-curve $-1 -0.108416542215322001 -0.002400000000000159818 0 0 0 -1 -0.0004999999999999190205 0 0 1 F 3.362086414936114931 F 4.712388980387170356 #
-2726 point $-1 -0.1084165422153233194 -0.002900000000000076995 0 #
-2727 coedge $-1 $2687 $2767 $2768 $2769 reversed $123 $-1 #
-2728 coedge $-1 $2700 $2699 $2687 $2729 forward $2701 $-1 #
-2729 edge $-1 $2730 4.712388980384726089 $2770 6.283185307179586232 $2728 $2771 forward 7 unknown #
-2730 vertex $-1 $2689 $2772 #
-2731 straight-curve $-1 -0.1116162056256230634 0.004400000000000080062 0 -1 -0 -0 F -0.0003322330470000530215 F 0 #
-2732 point $-1 -0.1112839725786229084 0.004400000000000105216 0 #
-2733 string_attrib-name_attrib-gen-attrib $-1 $-1 $-1 $2694 keep keep_kept ignore 17 ATTRIB_XACIS_NAME 4 NONE #
-2734 face $2773 $2774 $2741 $4 $-1 $2775 reversed single #
-2735 cone-surface $-1 -0.111616205625622994 0.003900000000000054898 1 0 0 -1 -0.0005000000000000239713 0 0 1 F -3.141592653589793116 F 3.141592653589793116 0 1 1 forward I I I I #
-2736 coedge $-1 $2776 $2696 $2777 $2778 forward $41 $-1 #
-2737 coedge $-1 $2779 $2780 $2696 $2738 reversed $2781 $-1 #
-2738 edge $-1 $2742 3.141592653589794892 $2782 4.712388980384689674 $2737 $2783 forward 7 unknown #
-2739 coedge $-1 $2768 $2697 $2700 $2744 forward $2741 $-1 #
-2740 coedge $-1 $2697 $2768 $2779 $2784 reversed $2741 $-1 #
-2741 loop $-1 $-1 $2768 $2734 #
-2742 vertex $-1 $2784 $2785 #
-2743 straight-curve $-1 -0.1121162056256229944 0.003900000000000054898 0.1499999999999999944 0 -1 0 F 0 F 0.001800000000000179928 #
-2744 edge $-1 $2702 0.8499999999999999778 $2770 1 $2700 $2786 forward 7 unknown #
-2745 point $-1 -0.1121162056256230083 0.003900000000000054465 0.1500000000000000222 #
-2746 straight-curve $-1 -0.1116162056256230634 0.004400000000000080062 1 0 0 -1 F 0.8499999999999999778 F 1 #
-2747 coedge $-1 $2707 $2787 $2788 $2789 forward $41 $-1 #
-2748 coedge $-1 $2790 $2791 $2707 $2749 reversed $2792 $-1 #
-2749 edge $-1 $2793 1.570796326792470055 $2753 2.921098892243485068 $2748 $2794 forward 7 unknown #
-2750 coedge $-1 $2722 $2708 $2791 $2795 forward $2752 $-1 #
-2751 coedge $-1 $2708 $2722 $2710 $2755 reversed $2752 $-1 #
-2752 loop $-1 $-1 $2722 $2796 #
-2753 vertex $-1 $2795 $2797 #
-2754 straight-curve $-1 -0.1075862547672279956 -0.0009817577086202429817 0.1499999999999999944 -0.2187114568975500606 -0.9757895770204512154 0 F 0 F 0.00156549942303456 #
-2755 edge $-1 $2713 -1 $2724 -0.8499999999999999778 $2751 $2798 forward 7 unknown #
-2756 face $2799 $2716 $2712 $4 $-1 $2800 reversed single #
-2757 point $-1 -0.107928647426812005 -0.002509355728448917078 0.1499999999999999667 #
-2758 straight-curve $-1 -0.1084165422153234026 -0.002900000000000080031 -0.8500000000000000888 -0 -0 -1 F -1 F -0.8499999999999999778 #
-2759 string_attrib-name_attrib-gen-attrib $-1 $-1 $-1 $2716 keep keep_kept ignore 17 ATTRIB_XACIS_NAME 4 NONE #
-2760 plane-surface $-1 -0.1084165422153234026 -0.002900000000000080031 1 8.326966633645040194e-15 -1 0 1 8.326966633645040194e-15 0 forward_v F -0.002099663410299739807 F 0 F -1 F -0.8499999999999999778 #
-2761 coedge $-1 $2801 $2721 $2802 $2803 reversed $123 $-1 #
-2762 coedge $-1 $2791 $2790 $2721 $2763 forward $2792 $-1 #
-2763 edge $-1 $2804 4.712388980382240966 $2764 6.062691545833279072 $2762 $2805 forward 7 unknown #
-2764 vertex $-1 $2763 $2806 #
-2765 straight-curve $-1 -0.1079286474268121576 -0.002509355728448906669 0 -0.2187114568975500606 -0.9757895770204512154 -0 F -0.001565499423034569975 F 0 #
-2766 point $-1 -0.107928647426812005 -0.0025093557284489032 0 #
-2767 coedge $-1 $2727 $2807 $2808 $2809 reversed $123 $-1 #
-2768 coedge $-1 $2740 $2739 $2727 $2769 forward $2741 $-1 #
-2769 edge $-1 $2770 -0.001800000000000179928 $2810 0 $2768 $2811 forward 7 unknown #
-2770 vertex $-1 $2729 $2812 #
-2771 ellipse-curve $-1 -0.111616205625622994 0.003900000000000054898 0 0 0 1 -0.0005000000000000239713 0 0 1 F 4.712388980384726089 F 6.283185307179586232 #
-2772 point $-1 -0.1116162056256229385 0.004400000000000079195 0 #
-2773 string_attrib-name_attrib-gen-attrib $-1 $-1 $-1 $2734 keep keep_kept ignore 17 ATTRIB_XACIS_NAME 4 NONE #
-2774 face $2813 $2814 $2781 $4 $-1 $2815 forward single #
-2775 plane-surface $-1 -0.1121162056256229944 0.003900000000000054898 1 1 0 0 0 0 -1 forward_v F 0.8499999999999999778 F 1 F -0.001800000000000179928 F 0 #
-2776 coedge $-1 $2816 $2736 $2817 $2818 forward $41 $-1 #
-2777 coedge $-1 $2819 $2820 $2736 $2778 reversed $2821 $-1 #
-2778 edge $-1 $2782 0 $2822 0.0004000000000000810091 $2777 $2823 forward 7 unknown #
-2779 coedge $-1 $2808 $2737 $2740 $2784 forward $2781 $-1 #
-2780 coedge $-1 $2737 $2808 $2819 $2824 reversed $2781 $-1 #
-2781 loop $-1 $-1 $2808 $2774 #
-2782 vertex $-1 $2824 $2825 #
-2783 ellipse-curve $-1 -0.111616205625622994 0.0020999999999998702 0.1499999999999999944 0 0 1 0.0005000000000000149724 0 -0 1 F 3.141592653589794892 F 4.712388980384689674 #
-2784 edge $-1 $2742 0.8499999999999999778 $2810 1 $2740 $2826 forward 7 unknown #
-2785 point $-1 -0.1121162056256229944 0.002099999999999871934 0.1500000000000000777 #
-2786 straight-curve $-1 -0.1121162056256229944 0.003900000000000054898 1 0 0 -1 F 0.8499999999999999778 F 1 #
-2787 coedge $-1 $2747 $2827 $2828 $2829 forward $41 $-1 #
-2788 coedge $-1 $2830 $2831 $2747 $2789 reversed $2832 $-1 #
-2789 edge $-1 $2833 0 $2793 0.0002278266257995240009 $2788 $2834 forward 7 unknown #
-2790 coedge $-1 $2762 $2748 $2831 $2835 forward $2792 $-1 #
-2791 coedge $-1 $2748 $2762 $2750 $2795 reversed $2792 $-1 #
-2792 loop $-1 $-1 $2762 $2836 #
-2793 vertex $-1 $2835 $2837 #
-2794 ellipse-curve $-1 -0.1073910968518236031 -0.001025499999999770085 0.1499999999999999944 0 0 1 0.0001999999999999929894 0 -0 1 F 1.570796326792470055 F 2.921098892243485068 #
-2795 edge $-1 $2753 -1 $2764 -0.8499999999999999778 $2791 $2838 forward 7 unknown #
-2796 face $2839 $2756 $2752 $4 $-1 $2840 reversed single #
-2797 point $-1 -0.107586254767227843 -0.0009817577086202564259 0.1499999999999999667 #
-2798 straight-curve $-1 -0.1079286474268121576 -0.002509355728448906669 -0.8500000000000000888 -0 -0 -1 F -1 F -0.8499999999999999778 #
-2799 string_attrib-name_attrib-gen-attrib $-1 $-1 $-1 $2756 keep keep_kept ignore 17 ATTRIB_XACIS_NAME 4 NONE #
-2800 cone-surface $-1 -0.108416542215322001 -0.002400000000000159818 1 0 0 -1 -0.0004999999999999190205 0 0 1 F -3.141592653589793116 F 3.141592653589793116 0 1 1 forward I I I I #
-2801 coedge $-1 $2841 $2761 $2842 $2843 reversed $123 $-1 #
-2802 coedge $-1 $2831 $2830 $2761 $2803 forward $2832 $-1 #
-2803 edge $-1 $2844 -0.0002278266257994749949 $2804 0 $2802 $2845 forward 7 unknown #
-2804 vertex $-1 $2803 $2846 #
-2805 ellipse-curve $-1 -0.1073910968518236031 -0.001025499999999770085 0 0 0 1 -0.0001999999999999929894 0 0 1 F 4.712388980382240966 F 6.062691545833279072 #
-2806 point $-1 -0.107586254767227843 -0.0009817577086202564259 0 #
-2807 coedge $-1 $2767 $2847 $2848 $2849 reversed $123 $-1 #
-2808 coedge $-1 $2780 $2779 $2767 $2809 forward $2781 $-1 #
-2809 edge $-1 $2810 0 $2850 1.570796326794900111 $2808 $2851 forward 7 unknown #
-2810 vertex $-1 $2769 $2852 #
-2811 straight-curve $-1 -0.1121162056256229944 0.00209999999999987497 0 0 -1 -0 F -0.001800000000000179928 F 0 #
-2812 point $-1 -0.1121162056256229111 0.003900000000000057934 0 #
-2813 string_attrib-name_attrib-gen-attrib $-1 $-1 $-1 $2774 keep keep_kept ignore 17 ATTRIB_XACIS_NAME 4 NONE #
-2814 face $2853 $2854 $2821 $4 $-1 $2855 reversed single #
-2815 cone-surface $-1 -0.111616205625622994 0.0020999999999998702 1 0 0 -1 -0.0005000000000000149724 0 0 1 F -3.141592653589793116 F 3.141592653589793116 0 1 1 forward I I I I #
-2816 coedge $-1 $2856 $2776 $2857 $2858 forward $41 $-1 #
-2817 coedge $-1 $2859 $2860 $2776 $2818 reversed $2861 $-1 #
-2818 edge $-1 $2822 4.712388980385609827 $2862 6.283185307179589785 $2817 $2863 forward 7 unknown #
-2819 coedge $-1 $2848 $2777 $2780 $2824 forward $2821 $-1 #
-2820 coedge $-1 $2777 $2848 $2859 $2864 reversed $2821 $-1 #
-2821 loop $-1 $-1 $2848 $2814 #
-2822 vertex $-1 $2864 $2865 #
-2823 straight-curve $-1 -0.111616205625622994 0.00159999999999985501 0.1499999999999999944 1 0 -0 F 0 F 0.0004000000000000810091 #
-2824 edge $-1 $2782 -1 $2850 -0.8499999999999999778 $2780 $2866 forward 7 unknown #
-2825 point $-1 -0.111616205625622994 0.001599999999999854577 0.1500000000000000222 #
-2826 straight-curve $-1 -0.1121162056256229944 0.00209999999999987497 1 0 0 -1 F 0.8499999999999999778 F 1 #
-2827 coedge $-1 $2787 $2867 $2868 $2869 forward $41 $-1 #
-2828 coedge $-1 $2870 $2871 $2787 $2829 reversed $2872 $-1 #
-2829 edge $-1 $2873 0 $2833 1.570796326792883946 $2828 $2874 forward 7 unknown #
-2830 coedge $-1 $2802 $2788 $2871 $2875 forward $2832 $-1 #
-2831 coedge $-1 $2788 $2802 $2790 $2835 reversed $2832 $-1 #
-2832 loop $-1 $-1 $2802 $2876 #
-2833 vertex $-1 $2875 $2877 #
-2834 straight-curve $-1 -0.1071632702260235936 -0.0008254999999998919669 0.1499999999999999944 -1 0 0 F 0 F 0.0002278266257995240009 #
-2835 edge $-1 $2793 0.8499999999999999778 $2804 1 $2831 $2878 forward 7 unknown #
-2836 face $2879 $2796 $2792 $4 $-1 $2880 forward single #
-2837 point $-1 -0.1073910968518230896 -0.0008254999999998346126 0.1500000000000000222 #
-2838 straight-curve $-1 -0.1075862547672279956 -0.0009817577086202429817 -0.8500000000000000888 -0 -0 -1 F -1 F -0.8499999999999999778 #
-2839 string_attrib-name_attrib-gen-attrib $-1 $-1 $-1 $2796 keep keep_kept ignore 17 ATTRIB_XACIS_NAME 4 NONE #
-2840 plane-surface $-1 -0.1075862547672279956 -0.0009817577086202429817 1 0.9757895770204512154 -0.2187114568975500606 0 0.2187114568975500606 0.9757895770204512154 0 forward_v F -0.001565499423034569975 F 8.463625434354277299e-19 F -1 F -0.8499999999999999778 #
-2841 coedge $-1 $2881 $2801 $2882 $2883 reversed $123 $-1 #
-2842 coedge $-1 $2871 $2870 $2801 $2843 forward $2872 $-1 #
-2843 edge $-1 $2884 3.141592653589794892 $2844 4.712388980383559911 $2842 $2885 forward 7 unknown #
-2844 vertex $-1 $2843 $2886 #
-2845 straight-curve $-1 -0.1073910968518230619 -0.0008254999999998919669 0 -1 -0 -0 F -0.0002278266257994749949 F 0 #
-2846 point $-1 -0.1073910968518231035 -0.0008254999999998309263 0 #
-2847 coedge $-1 $2807 $2887 $2888 $2889 reversed $123 $-1 #
-2848 coedge $-1 $2820 $2819 $2807 $2849 forward $2821 $-1 #
-2849 edge $-1 $2850 0 $2890 0.0004000000000000844785 $2848 $2891 forward 7 unknown #
-2850 vertex $-1 $2809 $2892 #
-2851 ellipse-curve $-1 -0.111616205625622994 0.0020999999999998702 0 0 0 1 -0.0005000000000000149724 0 0 1 F 0 F 1.570796326794900111 #
-2852 point $-1 -0.1121162056256229111 0.002099999999999858057 0 #
-2853 string_attrib-name_attrib-gen-attrib $-1 $-1 $-1 $2814 keep keep_kept ignore 17 ATTRIB_XACIS_NAME 4 NONE #
-2854 face $2893 $2894 $2861 $4 $-1 $2895 forward single #
-2855 plane-surface $-1 -0.111616205625622994 0.00159999999999985501 1 0 1 0 0 -0 1 forward_v F -1 F -0.8499999999999999778 F 0 F 0.0004000000000000844785 #
-2856 coedge $-1 $2896 $2816 $2897 $2898 forward $41 $-1 #
-2857 coedge $-1 $2899 $2900 $2816 $2858 reversed $2901 $-1 #
-2858 edge $-1 $2862 0 $2902 0.0006000000000001530368 $2857 $2903 forward 7 unknown #
-2859 coedge $-1 $2888 $2817 $2820 $2864 forward $2861 $-1 #
-2860 coedge $-1 $2817 $2888 $2899 $2904 reversed $2861 $-1 #
-2861 loop $-1 $-1 $2888 $2854 #
-2862 vertex $-1 $2904 $2905 #
-2863 ellipse-curve $-1 -0.1112162056256232046 0.0020999999999998702 0.1499999999999999944 0 0 1 0.0005000000000000149724 0 -0 1 F 4.712388980385609827 F 6.283185307179589785 #
-2864 edge $-1 $2822 -1 $2890 -0.8499999999999999778 $2820 $2906 forward 7 unknown #
-2865 point $-1 -0.1112162056256228299 0.001599999999999854577 0.1499999999999999667 #
-2866 straight-curve $-1 -0.111616205625622994 0.00159999999999985501 -0.8500000000000000888 -0 0 -1 F -1 F -0.8499999999999999778 #
-2867 coedge $-1 $2827 $2907 $2908 $2909 forward $41 $-1 #
-2868 coedge $-1 $2910 $2911 $2827 $2869 reversed $2912 $-1 #
-2869 edge $-1 $2913 0 $2873 0.001250999999999960043 $2868 $2914 forward 7 unknown #
-2870 coedge $-1 $2842 $2828 $2911 $2915 forward $2872 $-1 #
-2871 coedge $-1 $2828 $2842 $2830 $2875 reversed $2872 $-1 #
-2872 loop $-1 $-1 $2842 $2916 #
-2873 vertex $-1 $2915 $2917 #
-2874 ellipse-curve $-1 -0.1071632702260239961 -0.0006254999999994660014 0.1499999999999999944 -0 0 -1 0.0002000000000003525108 0 -0 1 F 0 F 1.570796326792883946 #
-2875 edge $-1 $2833 0.8499999999999999778 $2844 1 $2871 $2918 forward 7 unknown #
-2876 face $2919 $2836 $2832 $4 $-1 $2920 reversed single #
-2877 point $-1 -0.1071632702260236769 -0.0008254999999998552124 0.1500000000000000222 #
-2878 straight-curve $-1 -0.1073910968518230619 -0.0008254999999998919669 1 0 0 -1 F 0.8499999999999999778 F 1 #
-2879 string_attrib-name_attrib-gen-attrib $-1 $-1 $-1 $2836 keep keep_kept ignore 17 ATTRIB_XACIS_NAME 4 NONE #
-2880 cone-surface $-1 -0.1073910968518236031 -0.001025499999999770085 1 0 0 -1 -0.0001999999999999929894 0 0 1 F -3.141592653589793116 F 3.141592653589793116 0 1 1 forward I I I I #
-2881 coedge $-1 $2921 $2841 $2922 $2923 reversed $123 $-1 #
-2882 coedge $-1 $2911 $2910 $2841 $2883 forward $2912 $-1 #
-2883 edge $-1 $2924 -0.001250999999999960043 $2884 0 $2882 $2925 forward 7 unknown #
-2884 vertex $-1 $2883 $2926 #
-2885 ellipse-curve $-1 -0.1071632702260239961 -0.0006254999999994660014 0 0 0 -1 -0.0002000000000003525108 0 0 1 F 3.141592653589794892 F 4.712388980383559911 #
-2886 point $-1 -0.1071632702260236769 -0.0008254999999998552124 0 #
-2887 coedge $-1 $2847 $2927 $2928 $2929 reversed $123 $-1 #
-2888 coedge $-1 $2860 $2859 $2847 $2889 forward $2861 $-1 #
-2889 edge $-1 $2890 1.570796326795806053 $2930 3.14159265358979134 $2888 $2931 forward 7 unknown #
-2890 vertex $-1 $2849 $2932 #
-2891 straight-curve $-1 -0.111616205625622994 0.00159999999999985501 0 1 0 0 F 0 F 0.0004000000000000844785 #
-2892 point $-1 -0.1116162056256228968 0.001599999999999847638 0 #
-2893 string_attrib-name_attrib-gen-attrib $-1 $-1 $-1 $2854 keep keep_kept ignore 17 ATTRIB_XACIS_NAME 4 NONE #
-2894 face $2933 $2934 $2901 $4 $-1 $2935 reversed single #
-2895 cone-surface $-1 -0.1112162056256232046 0.0020999999999998702 1 0 0 -1 -0.0005000000000000149724 0 0 1 F -3.141592653589793116 F 3.141592653589793116 0 1 1 forward I I I I #
-2896 coedge $-1 $2936 $2856 $2937 $2938 forward $41 $-1 #
-2897 coedge $-1 $2939 $2940 $2856 $2898 reversed $2941 $-1 #
-2898 edge $-1 $2902 3.141592653589793116 $2942 4.712388980382677062 $2897 $2943 forward 7 unknown #
-2899 coedge $-1 $2928 $2857 $2860 $2904 forward $2901 $-1 #
-2900 coedge $-1 $2857 $2928 $2939 $2944 reversed $2901 $-1 #
-2901 loop $-1 $-1 $2928 $2894 #
-2902 vertex $-1 $2944 $2945 #
-2903 straight-curve $-1 -0.1107162056256232041 0.0020999999999998702 0.1499999999999999944 0 1 0 F 0 F 0.0006000000000001530368 #
-2904 edge $-1 $2862 -1 $2930 -0.8499999999999999778 $2860 $2946 forward 7 unknown #
-2905 point $-1 -0.1107162056256232041 0.002099999999999869766 0.1499999999999999667 #
-2906 straight-curve $-1 -0.1112162056256229131 0.00159999999999985501 -0.8500000000000000888 -0 0 -1 F -1 F -0.8499999999999999778 #
-2907 coedge $-1 $2867 $2947 $2948 $2949 forward $41 $-1 #
-2908 coedge $-1 $2950 $2951 $2867 $2909 reversed $2952 $-1 #
-2909 edge $-1 $2953 4.712388980384689674 $2913 6.283185307179586232 $2908 $2954 forward 7 unknown #
-2910 coedge $-1 $2882 $2868 $2951 $2955 forward $2912 $-1 #
-2911 coedge $-1 $2868 $2882 $2870 $2915 reversed $2912 $-1 #
-2912 loop $-1 $-1 $2882 $2956 #
-2913 vertex $-1 $2955 $2957 #
-2914 straight-curve $-1 -0.1069632702260236018 0.0006255000000004959934 0.1499999999999999944 0 -1 0 F 0 F 0.001250999999999960043 #
-2915 edge $-1 $2873 0.8499999999999999778 $2884 1 $2911 $2958 forward 7 unknown #
-2916 face $2959 $2876 $2872 $4 $-1 $2960 reversed single #
-2917 point $-1 -0.1069632702260236157 -0.0006254999999994652424 0.1499999999999999667 #
-2918 straight-curve $-1 -0.1071632702260235936 -0.0008254999999998919669 1 0 0 -1 F 0.8499999999999999778 F 1 #
-2919 string_attrib-name_attrib-gen-attrib $-1 $-1 $-1 $2876 keep keep_kept ignore 17 ATTRIB_XACIS_NAME 4 NONE #
-2920 plane-surface $-1 -0.1071632702260235936 -0.0008254999999998919669 1 0 -1 0 0 0 -1 forward_v F 0.8499999999999999778 F 1 F -0.0002278266257995237298 F 0 #
-2921 coedge $-1 $2961 $2881 $2962 $2963 reversed $123 $-1 #
-2922 coedge $-1 $2951 $2950 $2881 $2923 forward $2952 $-1 #
-2923 edge $-1 $2964 1.570796326794895004 $2924 3.141592653589794892 $2922 $2965 forward 7 unknown #
-2924 vertex $-1 $2923 $2966 #
-2925 straight-curve $-1 -0.1069632702260236018 -0.0006254999999994640498 0 0 -1 -0 F -0.001250999999999960043 F 0 #
-2926 point $-1 -0.1069632702260235879 -0.000625499999999463074 0 #
-2927 coedge $-1 $2887 $2967 $2968 $2969 reversed $123 $-1 #
-2928 coedge $-1 $2900 $2899 $2887 $2929 forward $2901 $-1 #
-2929 edge $-1 $2930 0 $2970 0.0006000000000001540126 $2928 $2971 forward 7 unknown #
-2930 vertex $-1 $2889 $2972 #
-2931 ellipse-curve $-1 -0.1112162056256232046 0.0020999999999998702 0 0 0 1 -0.0005000000000000149724 0 0 1 F 1.570796326795806053 F 3.14159265358979134 #
-2932 point $-1 -0.1112162056256228299 0.001599999999999847638 0 #
-2933 string_attrib-name_attrib-gen-attrib $-1 $-1 $-1 $2894 keep keep_kept ignore 17 ATTRIB_XACIS_NAME 4 NONE #
-2934 face $2973 $2974 $2941 $4 $-1 $2975 reversed single #
-2935 plane-surface $-1 -0.1107162056256232041 0.0020999999999998702 1 -1 0 0 0 0 1 forward_v F -1 F -0.8499999999999999778 F 0 F 0.0006000000000001540126 #
-2936 coedge $-1 $2976 $2896 $2977 $2978 forward $41 $-1 #
-2937 coedge $-1 $2979 $2980 $2896 $2938 reversed $2981 $-1 #
-2938 edge $-1 $2942 0 $2982 0.002099663410278505057 $2937 $2983 forward 7 unknown #
-2939 coedge $-1 $2968 $2897 $2900 $2944 forward $2941 $-1 #
-2940 coedge $-1 $2897 $2968 $2979 $2984 reversed $2941 $-1 #
-2941 loop $-1 $-1 $2968 $2934 #
-2942 vertex $-1 $2984 $2985 #
-2943 ellipse-curve $-1 -0.1105162056256226016 0.002700000000000000143 0.1499999999999999944 -0 0 -1 0.0002000000000005060067 0 -0 1 F 3.141592653589793116 F 4.712388980382677062 #
-2944 edge $-1 $2902 -1 $2970 -0.8499999999999999778 $2900 $2986 forward 7 unknown #
-2945 point $-1 -0.1107162056256231486 0.002700000000000012286 0.1499999999999999667 #
-2946 straight-curve $-1 -0.1107162056256232041 0.0020999999999998702 -0.8500000000000000888 -0 -0 -1 F -1 F -0.8499999999999999778 #
-2947 coedge $-1 $2907 $2976 $2987 $2988 forward $41 $-1 #
-2948 coedge $-1 $2989 $2990 $2907 $2949 reversed $2991 $-1 #
-2949 edge $-1 $2992 0 $2953 0.0002278266258003424922 $2948 $2993 forward 7 unknown #
-2950 coedge $-1 $2922 $2908 $2990 $2994 forward $2952 $-1 #
-2951 coedge $-1 $2908 $2922 $2910 $2955 reversed $2952 $-1 #
-2952 loop $-1 $-1 $2922 $2995 #
-2953 vertex $-1 $2994 $2996 #
-2954 ellipse-curve $-1 -0.1071632702260233994 0.0006255000000004959934 0.1499999999999999944 -0 0 -1 0.0001999999999997979956 0 -0 1 F 4.712388980384689674 F 6.283185307179586232 #
-2955 edge $-1 $2913 0.8499999999999999778 $2924 1 $2951 $2997 forward 7 unknown #
-2956 face $2998 $2916 $2912 $4 $-1 $2999 reversed single #
-2957 point $-1 -0.1069632702260236018 0.0006255000000004959934 0.1500000000000000222 #
-2958 straight-curve $-1 -0.1069632702260236018 -0.0006254999999994640498 1 0 0 -1 F 0.8499999999999999778 F 1 #
-2959 string_attrib-name_attrib-gen-attrib $-1 $-1 $-1 $2916 keep keep_kept ignore 17 ATTRIB_XACIS_NAME 4 NONE #
-2960 cone-surface $-1 -0.1071632702260239961 -0.0006254999999994660014 1 0 0 -1 -0.0002000000000003525108 0 0 1 F -3.141592653589793116 F 3.141592653589793116 0 1 1 forward I I I I #
-2961 coedge $-1 $3000 $2921 $3001 $3002 reversed $123 $-1 #
-2962 coedge $-1 $2990 $2989 $2921 $2963 forward $2991 $-1 #
-2963 edge $-1 $3003 0 $2964 0.0002278266258003314876 $2962 $3004 forward 7 unknown #
-2964 vertex $-1 $2963 $3005 #
-2965 ellipse-curve $-1 -0.1071632702260233994 0.0006255000000004959934 0 0 0 -1 -0.0001999999999997979956 0 0 1 F 1.570796326794895004 F 3.141592653589794892 #
-2966 point $-1 -0.1069632702260236018 0.0006255000000004981619 0 #
-2967 coedge $-1 $2927 $3006 $3007 $3008 reversed $123 $-1 #
-2968 coedge $-1 $2940 $2939 $2927 $2969 forward $2941 $-1 #
-2969 edge $-1 $2970 0 $3009 1.570796326793759912 $2968 $3010 forward 7 unknown #
-2970 vertex $-1 $2929 $3011 #
-2971 straight-curve $-1 -0.1107162056256232041 0.0020999999999998702 0 0 1 0 F 0 F 0.0006000000000001540126 #
-2972 point $-1 -0.1107162056256232041 0.002099999999999855455 0 #
-2973 string_attrib-name_attrib-gen-attrib $-1 $-1 $-1 $2934 keep keep_kept ignore 17 ATTRIB_XACIS_NAME 4 NONE #
-2974 face $3012 $3013 $2981 $4 $-1 $3014 reversed single #
-2975 cone-surface $-1 -0.1105162056256226016 0.002700000000000000143 1 0 0 -1 -0.0002000000000005060067 0 0 1 F -3.141592653589793116 F 3.141592653589793116 0 1 1 forward I I I I #
-2976 coedge $-1 $2947 $2936 $3015 $3016 forward $41 $-1 #
-2977 coedge $-1 $3017 $3018 $2936 $2978 reversed $3019 $-1 #
-2978 edge $-1 $2982 4.712388980384689674 $3020 6.062691545933370563 $2977 $3021 forward 7 unknown #
-2979 coedge $-1 $3007 $2937 $2940 $2984 forward $2981 $-1 #
-2980 coedge $-1 $2937 $3007 $3017 $3022 reversed $2981 $-1 #
-2981 loop $-1 $-1 $3007 $2974 #
-2982 vertex $-1 $3022 $3023 #
-2983 straight-curve $-1 -0.1105162056256230041 0.002900000000000530192 0.1499999999999999944 1 0 -0 F 0 F 0.002099663410278505057 #
-2984 edge $-1 $2942 -1 $3009 -0.8499999999999999778 $2940 $3024 forward 7 unknown #
-2985 point $-1 -0.1105162056256229208 0.002900000000000518482 0.1499999999999999667 #
-2986 straight-curve $-1 -0.1107162056256232041 0.002700000000000024429 -0.8500000000000000888 -0 -0 -1 F -1 F -0.8499999999999999778 #
-2987 coedge $-1 $3025 $3026 $2947 $2988 reversed $3027 $-1 #
-2988 edge $-1 $3028 3.362086415041099841 $2992 4.712388980384689674 $2987 $3029 forward 7 unknown #
-2989 coedge $-1 $2962 $2948 $3026 $3030 forward $2991 $-1 #
-2990 coedge $-1 $2948 $2962 $2950 $2994 reversed $2991 $-1 #
-2991 loop $-1 $-1 $2962 $3031 #
-2992 vertex $-1 $3030 $3032 #
-2993 straight-curve $-1 -0.1073910968518237974 0.0008255000000002930133 0.1499999999999999944 1 0 -0 F 0 F 0.0002278266258003424922 #
-2994 edge $-1 $2953 -1 $2964 -0.8499999999999999778 $2990 $3033 forward 7 unknown #
-2995 face $3034 $2956 $2952 $4 $-1 $3035 reversed single #
-2996 point $-1 -0.1071632702260234271 0.000825500000000293447 0.1499999999999999667 #
-2997 straight-curve $-1 -0.1069632702260236018 0.0006255000000004959934 1 0 0 -1 F 0.8499999999999999778 F 1 #
-2998 string_attrib-name_attrib-gen-attrib $-1 $-1 $-1 $2956 keep keep_kept ignore 17 ATTRIB_XACIS_NAME 4 NONE #
-2999 plane-surface $-1 -0.1069632702260236018 0.0006255000000004959934 1 1 0 0 0 0 -1 forward_v F 0.8499999999999999778 F 1 F -0.001250999999999960043 F 0 #
-3000 coedge $-1 $3006 $2961 $3036 $3037 reversed $123 $-1 #
-3001 coedge $-1 $3026 $3025 $2961 $3002 forward $3027 $-1 #
-3002 edge $-1 $3038 0.2204937614513067246 $3003 1.570796326794897446 $3001 $3039 forward 7 unknown #
-3003 vertex $-1 $3002 $3040 #
-3004 straight-curve $-1 -0.1073910968518237974 0.0008255000000002930133 0 1 0 0 F 0 F 0.0002278266258003314876 #
-3005 point $-1 -0.1071632702260234271 0.0008255000000002969164 0 #
-3006 coedge $-1 $2967 $3000 $3041 $3042 reversed $123 $-1 #
-3007 coedge $-1 $2980 $2979 $2967 $3008 forward $2981 $-1 #
-3008 edge $-1 $3009 0 $3043 0.002099663410278515031 $3007 $3044 forward 7 unknown #
-3009 vertex $-1 $2969 $3045 #
-3010 ellipse-curve $-1 -0.1105162056256226016 0.002700000000000000143 0 0 0 -1 -0.0002000000000005060067 0 0 1 F 0 F 1.570796326793759912 #
-3011 point $-1 -0.1107162056256231764 0.002700000000000014888 0 #
-3012 string_attrib-name_attrib-gen-attrib $-1 $-1 $-1 $2974 keep keep_kept ignore 17 ATTRIB_XACIS_NAME 4 NONE #
-3013 face $3046 $3047 $3019 $4 $-1 $3048 reversed single #
-3014 plane-surface $-1 -0.1105162056256230041 0.002900000000000530192 1 0 1 0 0 -0 1 forward_v F -1 F -0.8499999999999999778 F 0 F 0.002099663410278515031 #
-3015 coedge $-1 $3049 $3050 $2976 $3016 reversed $3051 $-1 #
-3016 edge $-1 $3020 0 $3028 0.001565499423009849948 $3015 $3052 forward 7 unknown #
-3017 coedge $-1 $3041 $2977 $2980 $3022 forward $3019 $-1 #
-3018 coedge $-1 $2977 $3041 $3049 $3053 reversed $3019 $-1 #
-3019 loop $-1 $-1 $3041 $3013 #
-3020 vertex $-1 $3053 $3054 #
-3021 ellipse-curve $-1 -0.1084165422153443997 0.002400000000000430001 0.1499999999999999944 -0 0 -1 0.0005000000000001020338 0 -0 1 F 4.712388980384689674 F 6.062691545933370563 #
-3022 edge $-1 $2982 -1 $3043 -0.8499999999999999778 $2980 $3055 forward 7 unknown #
-3023 point $-1 -0.1084165422153444414 0.002900000000000530626 0.1499999999999999667 #
-3024 straight-curve $-1 -0.1105162056256230041 0.002900000000000530192 -0.8500000000000000888 -0 0 -1 F -1 F -0.8499999999999999778 #
-3025 coedge $-1 $3001 $2987 $3050 $3056 forward $3027 $-1 #
-3026 coedge $-1 $2987 $3001 $2989 $3030 reversed $3027 $-1 #
-3027 loop $-1 $-1 $3001 $3057 #
-3028 vertex $-1 $3056 $3058 #
-3029 ellipse-curve $-1 -0.1073910968518237974 0.001025500000000555915 0.1499999999999999944 0 0 1 0.0002000000000002640128 0 -0 1 F 3.362086415041099841 F 4.712388980384689674 #
-3030 edge $-1 $2992 -1 $3003 -0.8499999999999999778 $3026 $3059 forward 7 unknown #
-3031 face $3060 $2995 $2991 $4 $-1 $3061 reversed single #
-3032 point $-1 -0.1073910968518237974 0.0008255000000002929049 0.1499999999999999667 #
-3033 straight-curve $-1 -0.1071632702260234687 0.0008255000000002930133 -0.8500000000000000888 -0 0 -1 F -1 F -0.8499999999999999778 #
-3034 string_attrib-name_attrib-gen-attrib $-1 $-1 $-1 $2995 keep keep_kept ignore 17 ATTRIB_XACIS_NAME 4 NONE #
-3035 cone-surface $-1 -0.1071632702260233994 0.0006255000000004959934 1 0 0 -1 -0.0001999999999997979956 0 0 1 F -3.141592653589793116 F 3.141592653589793116 0 1 1 forward I I I I #
-3036 coedge $-1 $3050 $3049 $3000 $3037 forward $3051 $-1 #
-3037 edge $-1 $3062 -0.001565499423009849948 $3038 0 $3036 $3063 forward 7 unknown #
-3038 vertex $-1 $3037 $3064 #
-3039 ellipse-curve $-1 -0.1073910968518237974 0.001025500000000555915 0 0 0 1 -0.0002000000000002640128 0 0 1 F 0.2204937614513067246 F 1.570796326794897446 #
-3040 point $-1 -0.1073910968518237696 0.0008255000000002963743 0 #
-3041 coedge $-1 $3018 $3017 $3006 $3042 forward $3019 $-1 #
-3042 edge $-1 $3043 1.570796326794895004 $3062 2.92109889234360498 $3041 $3065 forward 7 unknown #
-3043 vertex $-1 $3008 $3066 #
-3044 straight-curve $-1 -0.1105162056256230041 0.002900000000000530192 0 1 0 0 F 0 F 0.002099663410278515031 #
-3045 point $-1 -0.1105162056256229208 0.002900000000000523253 0 #
-3046 string_attrib-name_attrib-gen-attrib $-1 $-1 $-1 $3013 keep keep_kept ignore 17 ATTRIB_XACIS_NAME 4 NONE #
-3047 face $3067 $3057 $3051 $4 $-1 $3068 reversed single #
-3048 cone-surface $-1 -0.1084165422153443997 0.002400000000000430001 1 0 0 -1 -0.0005000000000001020338 0 0 1 F -3.141592653589793116 F 3.141592653589793116 0 1 1 forward I I I I #
-3049 coedge $-1 $3036 $3015 $3018 $3053 forward $3051 $-1 #
-3050 coedge $-1 $3015 $3036 $3025 $3056 reversed $3051 $-1 #
-3051 loop $-1 $-1 $3036 $3047 #
-3052 straight-curve $-1 -0.1079286474268232043 0.002509355728400354795 0.1499999999999999944 0.2187114569109099571 -0.9757895770174568328 0 F 0 F 0.001565499423009849948 #
-3053 edge $-1 $3020 -1 $3062 -0.8499999999999999778 $3018 $3069 forward 7 unknown #
-3054 point $-1 -0.1079286474268231627 0.002509355728400363902 0.1499999999999999667 #
-3055 straight-curve $-1 -0.108416542215344483 0.002900000000000530192 -0.8500000000000000888 -0 0 -1 F -1 F -0.8499999999999999778 #
-3056 edge $-1 $3028 -1 $3038 -0.8499999999999999778 $3050 $3070 forward 7 unknown #
-3057 face $3071 $3031 $3027 $4 $-1 $3072 forward single #
-3058 point $-1 -0.1075862547672235409 0.0009817577086005024791 0.1499999999999999667 #
-3059 straight-curve $-1 -0.1073910968518237974 0.0008255000000002930133 -0.8500000000000000888 -0 0 -1 F -1 F -0.8499999999999999778 #
-3060 string_attrib-name_attrib-gen-attrib $-1 $-1 $-1 $3031 keep keep_kept ignore 17 ATTRIB_XACIS_NAME 4 NONE #
-3061 plane-surface $-1 -0.1073910968518237974 0.0008255000000002930133 1 0 1 0 0 -0 1 forward_v F -1 F -0.8499999999999999778 F 0 F 0.0002278266258003425193 #
-3062 vertex $-1 $3042 $3073 #
-3063 straight-curve $-1 -0.107586254767223527 0.0009817577086005005275 0 0.2187114569109099571 -0.9757895770174568328 -0 F -0.001565499423009849948 F 0 #
-3064 point $-1 -0.107586254767223527 0.0009817577086005055149 0 #
-3065 ellipse-curve $-1 -0.1084165422153443997 0.002400000000000430001 0 0 0 -1 -0.0005000000000001020338 0 0 1 F 1.570796326794895004 F 2.92109889234360498 #
-3066 point $-1 -0.1084165422153444414 0.002900000000000534962 0 #
-3067 string_attrib-name_attrib-gen-attrib $-1 $-1 $-1 $3047 keep keep_kept ignore 17 ATTRIB_XACIS_NAME 4 NONE #
-3068 plane-surface $-1 -0.1079286474268232043 0.002509355728400354795 1 0.9757895770174568328 0.2187114569109099571 0 -0.2187114569109099571 0.9757895770174568328 0 forward_v F -0.001565499423009849948 F 6.493643652011541434e-18 F -1 F -0.8499999999999999778 #
-3069 straight-curve $-1 -0.1079286474268232043 0.002509355728400354795 -0.8500000000000000888 -0 -0 -1 F -1 F -0.8499999999999999778 #
-3070 straight-curve $-1 -0.107586254767223527 0.0009817577086005005275 -0.8500000000000000888 -0 -0 -1 F -1 F -0.8499999999999999778 #
-3071 string_attrib-name_attrib-gen-attrib $-1 $-1 $-1 $3057 keep keep_kept ignore 17 ATTRIB_XACIS_NAME 4 NONE #
-3072 cone-surface $-1 -0.1073910968518237974 0.001025500000000555915 1 0 0 -1 -0.0002000000000002640128 0 0 1 F -3.141592653589793116 F 3.141592653589793116 0 1 1 forward I I I I #
-3073 point $-1 -0.1079286474268231627 0.002509355728400356964 0 #
End-of-ACIS-data
